partition,areas,units,effective_areas,observed,scale_null,recom_mean,recom_sd,recom_min,recom_max,effective_areas_null,acceptance,ari_with_start_mean,ari_between_samples_mean,samples,share_of_null_below_observed,from_scale,from_contiguity,from_placement,steps_to_range,lag1,geweke_z
uk_2011_own,197,7137,16.36650475844379,0.7400555390591952,0.15650085156098978,0.5539561857496813,0.008930757815831717,0.5320298027474647,0.5837026518189475,16.297224035778914,0.999935,0.060443166246974975,0.0888838449834479,100,1.0,0.15650085156098978,0.3974553341886915,0.18609935330951388,2000,0.3862142732128242,-0.37351349147908913
uk_2011_official,173,7201,35.16274936478476,0.7488616447769394,0.1283303085954909,0.5341376430863083,0.007593340212666509,0.518542699997133,0.5616284070425701,35.053645027789784,0.994095,0.14903518143710795,0.14670642340445564,100,1.0,0.1283303085954909,0.4058073344908174,0.2147240016906311,1000,0.11755334957057428,0.17907795364039655
uk_2011_lma,59,7201,18.822996809618555,0.812251804156844,0.1504793960290478,0.6594637568635647,0.0096313483376104,0.6375764506549346,0.6879944379345074,18.81378305846333,0.999855,0.20959494032816617,0.1967034282896073,100,1.0,0.1504793960290478,0.5089843608345169,0.15278804729327922,1000,-0.04106250093483576,-0.33565538651843035
uk_2011_lma_ons,95,7201,25.456122230071408,0.7834764389093024,0.13805946601278013,0.6229974899491608,0.010464001496164207,0.5985089058712438,0.6518638098576374,25.380229025226917,0.99989,0.24043133423218527,0.2226015992683401,100,1.0,0.13805946601278013,0.4849380239363807,0.1604789489601416,2000,0.08134434174646607,-0.6379046614677321
uk_2021_own,235,7264,24.513087720993497,0.6961708858829516,0.13009090907251716,0.5621271839750832,0.007918838913121201,0.5440381997928023,0.5857022700798695,24.83380700271854,0.99565,0.09980127926321142,0.09769464950141982,100,1.0,0.13009090907251716,0.432036274902566,0.1340437019078684,3000,0.4287315802417226,-0.9382490572635376
uk_2021_official,173,7264,34.72459968359012,0.7487620904006786,0.1192112068711787,0.5526977088927701,0.007124430233645999,0.5374580679170478,0.5676328601691152,34.45574802377266,0.994215,0.13514922129265808,0.14303944870032675,100,1.0,0.1192112068711787,0.43348650202159145,0.1960643815079085,2000,0.1110136263591414,-1.717678499284564
nl_2023_own,8,340,3.6179268903355037,0.9140688892096022,0.5912056014867538,0.8303836532448164,0.025279597223463467,0.7637465723769664,0.8874176167797181,3.6155559514168947,0.999935,0.1676808666353639,0.1585321367100888,100,1.0,0.5912056014867538,0.23917805175806262,0.08368523596478572,1000,-0.13166323224800316,0.5444644956882727
nl_2023_lma,26,340,17.320946958345818,0.7848655409631019,0.4676700141969462,0.7002639871073267,0.012280405554061414,0.6714172319237985,0.7319959590128445,17.317007430715684,0.922695,0.34659883031236455,0.3206493428372806,100,1.0,0.4676700141969462,0.23259397291038053,0.08460155385577517,1000,-0.17443854502028605,0.7980374682057733
nl_2023_corop,40,342,28.389320388349514,0.7101541643618172,0.4550285527869019,0.6454365184347869,0.011063586120153259,0.6263498400634936,0.6741263618653647,28.386959254429676,0.97439,0.3526496415545045,0.3060744122099489,100,1.0,0.4550285527869019,0.19040796564788498,0.06471764592703033,1000,-0.055975056849692964,-1.599074284544608
es_2023_own,69,2993,30.51823827806945,0.8843211804092683,0.2936021937428235,0.8165347376701291,0.01746512595304883,0.7829312105578586,0.8632225256405871,30.444957708827197,0.97068,0.37476868848126427,0.3371929559495429,100,1.0,0.2936021937428235,0.5229325439273056,0.06778644273913925,1000,0.17769460290876457,-0.5325788792223046
es_2023_lma,271,3737,120.53798216767223,0.8977413842864838,0.27826049161135724,0.6774658580242005,0.010787339778478955,0.6555508186805489,0.7100114778307194,120.24493623522386,0.98172,0.2805619402335806,0.23895467616997532,100,1.0,0.27826049161135724,0.3992053664128432,0.2202755262622833,2000,0.11764135610968851,0.9722673222268158
