unit,area
01001,0105906
01002,0105906
01004_AM,4802006
01009_AM,0105906
01010,0105906
01017_AM,0105906
01028_AM,0105906
01036,4802006
01043,0105906
01047_AM,0105906
01051,0105906
01054_AM,0105906
01058_AM,0105906
0105901,0105906
0105902,0105906
0105903,0105906
0105904,0105906
0105905,0105906
0105906,0105906
01063_AM,0105906
01901,0105906
0200301,0200308
0200302,0200308
0200303,0200308
0200304,0200308
0200305,0200308
0200306,0200308
0200307,0200308
0200308,0200308
02008_AM,0200308
02009,0200308
02010_AM,0200308
02012_AM,0200308
02019_AM,0200308
02021_AM,0200308
02024_AM,0200308
02025,0200308
02029,0200308
02030,0200308
02033_AM,0200308
02034_AM,0200308
02035_AM,0200308
02037,0200308
02045,0200308
02053,0200308
02063_AM,0200308
02067_AM,0200308
0206901,0200308
0206902,0200308
0206903,0200308
02072_AM,0200308
02073_AM,0200308
02074,0200308
02075_AM,0200308
02079,0200308
02086_AM,0200308
02901,0200308
03002_AM,0301408
03005_AM,0306507
0300901,4618402
0300902,4618402
0300903,4618402
0300904,4618402
0300905,4618402
0300906,4618402
0300907,4618402
0300908,4618402
03012,0306507
03013_AM,0306507
0301401,0301408
0301402,0301408
0301403,0301408
0301404,0301408
0301405,0301408
0301406,0301408
0301407,0301408
0301408,0301408
0301501,0306507
0301502,0306507
0301901,0306507
0301902,0306507
0301903,0306507
0301904,0306507
0302101,4618402
0302102,4618402
03023_AM,4618402
03024,0306507
03028_AM,4618402
03034_AM,0306507
03035_AM,0301408
03043,0200308
03044_AM,0306507
03046,0301408
0304901,0306507
0304902,0306507
0305001,0301408
0305002,0301408
0305003,0301408
03055,0306507
03056,4618402
03058,0306507
0305901,0306507
0305902,0306507
0305903,0306507
0305904,0306507
0305905,0306507
03064,0306507
0306501,0306507
0306502,0306507
0306503,0306507
0306504,0306507
0306505,0306507
0306506,0306507
0306507,0306507
03070,0306507
03074_AM,0306507
03076,0306507
03077,0306507
03083,0301408
03088,0306507
03089,0306507
0309001,0301408
0309002,0301408
03092_AM,4618402
03093,0306507
0309901,0306507
0309902,0306507
0309903,0306507
0309904,0306507
0309905,0306507
0309906,0306507
0309907,3003002
0309908,0306507
03105,0306507
03109,0306507
03111,0306507
03112_AM,0301408
0311301,0306507
0311302,0306507
03114,0306507
03118,0306507
0311901,0301408
0311902,0301408
03120,0306507
0312101,0306507
0312102,0306507
0312201,0301408
0312202,0301408
0312203,0301408
03123_AM,0200308
0313301,0306507
0313302,0306507
0313303,0306507
03140,0200308
03902,3001605
03903,0306507
04003,04902
04006,3002402
04011_AM,0401307
0401301,0401307
0401302,0401307
0401303,0401307
0401304,0401307
0401305,0401307
0401306,0401307
0401307,0401307
0401308,0401307
04016,3002402
04017_AM,3002402
04024,0401307
0402901,04902
0402902,04902
04031,3002402
04032,0401307
04035,3002402
04038,04902
04044_AM,3002402
04045_AM,0401307
04047_AM,0401307
04048_AM,3002402
0404901,3002402
0404902,3002402
04050_AM,0401307
04052,0401307
04053,3002402
04057_AM,04902
04062_AM,3002402
04064,3002402
0406601,0401307
0406602,0401307
0406603,0401307
04069,3002402
04070_AM,3002402
04074,0401307
0407501,3002402
0407502,3002402
0407901,04902
0407902,04902
04083_AM,3002402
04086_AM,0401307
04088_AM,0401307
04092,3002402
04093,3002402
04098_AM,3002402
04099,3002402
0410001,3002402
0410002,3002402
0410003,3002402
0410004,3002402
04101,0401307
04102,04902
04902,04902
04903,04902
04904,04902
05002_AM,2807905
05013_AM,2807905
05014_AM,2807905
05016,4718604
05047,2807905
05054_AM,2807905
05057,2807905
05102_AM,2807905
05114_AM,4718604
05163_AM,2807905
05168_AM,2807905
05204_AM,4718604
05220_AM,4718604
05240_AM,2807905
05241_AM,2807905
05242_AM,4718604
06014,1402105
06019_AM,1402105
06020_AM,1402105
06023,1402105
06028,1402105
06033_AM,1402105
06036_AM,1402105
06039_AM,1402105
06051_AM,1402105
06052_AM,1402105
06055_AM,1402105
06059_AM,1402105
06063,1402105
06069_AM,1402105
06074_AM,1402105
06085_AM,1402105
06087_AM,1402105
06109,1402105
06125_AM,1402105
06127,1402105
06160_AM,1402105
07001,0704003
07003,0704003
0700401,0704003
0700402,0704003
07005,0704003
0700601,0704003
0700602,0704003
0700801,0704003
0700802,0704003
0701001,0704003
0701002,0704003
0701101,0704003
0701102,0704003
0701103,0704003
0701104,0704003
0701105,0704003
0701106,0704003
07012_AM,0704003
0701301,0704003
0701302,0704003
07014,0704003
07016,0704003
07020,0704003
0702201,0704003
0702202,0704003
0702203,0704003
0702204,0704003
0702701,0704003
0702702,0704003
0702703,0704003
07028_AM,0704003
0702901,0704003
0702902,0704003
07030_AM,0704003
07031,0704003
07033,0704003
0703601,0704003
0703602,0704003
07038_AM,0704003
0703901,0704003
0703902,0704003
0704001,0704003
0704002,0704003
0704003,0704003
0704004,0704003
0704005,0704003
07041_AM,0704003
07042,0704003
0704301,0704003
0704302,0704003
07044,0704003
07045_AM,0704003
07047_AM,0704003
0705101,0704003
0705102,0704003
07055,0704003
0705601,0704003
0705602,0704003
0705701,0704003
0705702,0704003
07058_AM,0704003
07059,0704003
07060,0704003
0706101,0704003
0706102,0704003
0706103,0704003
07062,0704003
07065,0704003
08001,08001
08003,0801902
08005,08086
0800601,1707903
0800602,1707903
0800701,1707903
0800702,1707903
0800901,0812106
0800902,0812106
08010_AM,08298
08011_AM,08298
08014,08298
0801501,0801902
0801502,0801902
0801503,0801902
0801504,0801902
0801505,0801902
0801506,0801902
0801507,0801902
0801508,0801902
0801509,0801902
08016_AM,08298
08017,08298
08018_AM,08298
0801901,0801902
0801902,0801902
0801903,0801902
0801904,0801902
0801905,0801902
0801906,0801902
0801907,0801902
0801908,0801902
0801909,0801902
0801910,0801902
08020,0801902
08022,08298
08023,08086
08029,0812106
08030,0801902
08031,08001
08032,1707903
08033,08260
08034_AM,08298
0803501,1707903
0803502,1707903
0803503,1707903
08037_AM,08298
08038_AM,08298
08040,1707903
08041,08086
08042,08086
08043,0801902
08044_AM,08001
0804601,08086
0804602,08086
0804603,08086
08047_AM,08298
08051,0820501
08053,08001
08054,08054
0805601,0808901
0805602,0808901
0805603,0801902
0805604,0801902
0805605,0801902
08064,08298
08067,08298
08068,0801902
08069,08001
08072,08054
0807301,0801902
0807302,0801902
0807303,0801902
0807304,0801902
0807305,0801902
0807306,0801902
08074,0801902
08075,0812106
0807601,08001
0807602,08001
08077,0801902
08085_AM,0801902
08086,08086
0808801,08086
0808802,08086
0808901,0808901
0808902,0808901
0808903,0808901
0808904,0808901
08091_AM,08001
08092,08298
08094_AM,0801902
0809601,08086
0809602,08086
0809603,08086
0809604,08086
08097_AM,08086
08098_AM,08298
08100,08298
0810101,0801902
0810102,0801902
0810103,0801902
0810104,0801902
0810105,0801902
0810106,0801902
08102,08001
08105,08260
0810601,08086
0810602,08086
08107,08086
08108,08086
0811001,1707903
0811002,1707903
0811201,08298
0811202,08298
0811203,08298
0811204,08298
0811302,08298
0811303_AD,08298
0811304,08298
0811305,08298
0811401,08054
0811402,08001
0811403,08001
0811404,08001
08115_AM,0801902
08117,08298
0811801,0801902
0811802,0801902
08119,08001
08120,0820501
0812101,0812106
0812102,0812106
0812103,0812106
0812104,0812106
0812105,0812106
0812106,0812106
08122_AM,0801902
08123,0801902
0812401,08260
0812402,0801902
0812403,0801902
0812501,0801902
0812502,0801902
0812503,08260
0812504,0820501
0812505,0801902
0812506,0801902
08126,0801902
08127_AM,08001
08135,0801902
0813601,0801902
0813602,0801902
08138,08298
08140,08298
08141,08298
08143,08001
08145_AM,0801902
08147,08001
08148,0801902
08149_AM,08298
08155,1707903
08156,08260
08157,0801902
08158,08054
0815901,08086
0815902,0801902
08161,08001
08162_AM,08001
08163,1707903
08167,08260
0816901,0801902
0816902,0801902
0816903,0801902
0816904,0801902
0816905,0801902
08170_AM,08001
08171,08298
0817201,0801902
0817202,0801902
0817203,0801902
08175_AM,08298
0818001,0820501
0818002,0820501
08181,08086
08182,08298
08183,08298
0818401,08054
0818402,0820501
0818403,0820501
0818404,0820501
0818701,0820501
0818702,0820501
0818703,0820501
0818704,0820501
0818705,0820501
0818706,0820501
0818707,0820501
08191,08298
08192,08298
08194,0801902
08196,08054
0819701,0812106
0819702,0812106
08198,08086
0820001,0801902
0820002,0801902
0820003,0801902
0820004,0801902
0820005,0801902
0820006,0801902
08202,1707903
08203,1707903
08204,0801902
0820501,0820501
0820502,0820501
0820503,0820501
0820504_AD,0801902
0820505,0820501
08207,1707903
08208_AM,08001
08209,0801902
0821001,08086
0821002,08086
08211,0801902
08213,08298
0821401,0801902
0821402,0801902
08215,08298
0821701,0801902
0821702,0801902
0821703,0801902
0821704,0801902
0821705,0801902
08218,08298
0821901,0801902
0821902,0801902
0821903,0801902
08220_AM,08298
08221,0801902
08223,0820501
08224_AM,08298
08226_AM,08001
08227_AM,0801902
08230,0801902
08231,0801902
08232_AM,0801902
08233_AM,08298
08234,08086
08235,1707903
08237_AM,08298
08238,0820501
0824001,0801902
0824002,0801902
08244,0801902
0824501,0801902
0824502,0801902
0824503,0801902
0824504,0801902
0824505,0801902
0824506,0801902
08247_AM,08298
08248,08086
08250,08001
08251,0801902
08252,0820501
08258_AM,08298
08259,1707903
08260,08260
08261,1707903
08262_AM,08001
0826301,0801902
0826302,0801902
0826303,0801902
0826304,0801902
08264,1707903
08266,0820501
08267,0820501
08268_AM,08298
08269,08298
0827001,0801902
0827002,0801902
08273_AM,0801902
08274,08298
08278_AM,08298
0827901,0827903
0827902,0820501
0827903,0827903
0827904,0827903
0827905,0827903
0827906,0820501
0827907,0820501
08281,0801902
08282,0801902
08283,08298
08284_AM,1707903
0828501,08298
0828502,08298
0828503,08298
08286_AM,08001
08288_AM,0801902
08289,0801902
08291,08001
08294_AM,1707903
08295,0801902
08296_AM,0801902
08298,08298
08300_AM,0827903
0830101,0801902
0830102,0801902
08302,08001
0830501,0801902
0830502,0801902
0830503,0801902
0830504,0801902
0830701,0801902
0830702,0801902
0830703,0801902
0830704,0801902
08902,08086
08904,0820501
08905,0801902
09048_AM,0105906
09056,0105906
09109_AM,0105906
09124_AM,0105906
09194,3412005
09209_AM,0105906
09211_AM,3412005
09219,0105906
09238_AM,0105906
09350_AM,3412005
09363_AM,3412005
09390_AM,3412005
09410,4802006
09413_AM,0105906
09903,0105906
10212_AM,2807905
11001,1102004
11002,2906903
1100401,2906903
1100402,2906903
1100403,2906903
1100404,2906903
11005_AM,2906903
1100601,1102004
1100602,1102004
1100603,1102004
1100604,1102004
11008,2906903
11010,1102004
11011_AM,1102004
11013,2906903
11017,1102004
1102001,1102004
1102002,1102004
1102003,1102004
1102004,1102004
1102005,1102004
1102006,1102004
1102007,1102004
1102008,1102004
1102009,1102004
1102010,1102004
11021,2906903
1102201,2906903
1102202,2906903
1102203,2906903
1102204,2906903
1102205,2906903
1102206,2906903
1102207,2906903
11023,1102004
11024_AM,2906903
11025,1102004
11026_AM,2906903
11029,4100404
1103301,2906903
1103302,2906903
1103303,2906903
1103304,2906903
1103305,2906903
11034,2906903
1103501,2906903
1103502,2906903
11037,1102004
11038,1102004
1104101,1102004
1104102,1102004
11901,1102004
11902_AM,1102004
11903,2906903
12004,1204007
1200501,1204007
1200502,1204007
1200901,1204007
1200902,1204007
1200903,1204007
12011_AM,4625001
12012_AM,1204007
12016_AM,1204007
12021,1204007
12027,4314806
12028,1204007
12031,1204007
1203201,1204007
1203202,1204007
1203203,1204007
1203204,1204007
1203205,1204007
12033_AM,1204007
12034_AM,4314806
1204001,1204007
1204002,1204007
1204003,1204007
1204004,1204007
1204005,1204007
1204006,1204007
1204007,1204007
1204008,1204007
1204009,1204007
12050_AM,1204007
12053,1204007
12072_AM,1204007
1207701,1204007
1207702,1204007
12080_AM,1204007
1208201,1204007
1208202,1204007
1208401,1204007
1208402,1204007
1208403,1204007
12085,1204007
12089,4314806
12104,1204007
12106_AM,1204007
12117,1204007
12121_AM,4314806
12124,1204007
1212601,1204007
1212602,1204007
1212603,1204007
12128_AM,1204007
12129_AM,1204007
1213501,1204007
1213502,1204007
1213503,1204007
1213504,1204007
12136,1204007
12138,4314806
12140_AM,1204007
12901,1204007
12902_AM,1204007
13005,2807905
13019,2807905
13028_AM,2807905
13044_AM,2807905
13047,2807905
1306101,2807905
1306102,2807905
13078,2807905
1308201,2807905
1308202,2807905
1308203,2807905
1308204,2807905
13096,2807905
13097_AM,2807905
14001,1402105
1400201,1402105
1400202,1402105
1400203,1402105
14004_AM,1402105
14005_AM,1402105
14007_AM,1402105
14008,1402105
14009,1402105
14010,2906708
14012,1402105
14013,1402105
14014,1402105
14017,1402105
14018,1402105
14019,1402105
1402101,1402105
1402102,1402105
1402103,1402105
1402104,1402105
1402105,1402105
1402106,1402105
1402107,1402105
1402108,1402105
1402109,1402105
1402110,1402105
14022_AM,1402105
14024_AM,2906708
14025,1402105
14026_AM,1402105
14027,1402105
14029_AM,1402105
14030_AM,1402105
14035,1402105
14036,1402105
14037,1808702
14038,1808702
14039_AM,1402105
14040,1402105
14041,1402105
14042,1402105
14043_AM,1402105
14045_AM,1402105
14046,1402105
14050,1402105
14052,1402105
1405301,1402105
1405302,1402105
14055,1402105
14057,1402105
14058,1808702
14060_AM,1402105
14065_AM,1402105
1406601,1402105
1406602,1402105
14067,1402105
14069,1402105
14073,1402105
15001,1503001
15002,1507805
15004,1503001
15005,1503001
15006_AM,1507805
15007,1507805
15008,1503001
15009,1503001
15010_AM,1507805
15011,1507805
15012,1507805
15013,1507805
15014,1503001
15015,1503001
15016,1507805
1501701,1503001
1501702,1503001
15019,1503001
15020,1507805
15021,1503001
15022_AM,1503001
15023_AM,1507805
15024,1503001
15029,1503001
1503001,1503001
1503002,1503001
1503003,1503001
1503004,1503001
1503005,1503001
1503006,1503001
1503007,1503001
1503008,1503001
1503009,1503001
1503010,1503001
1503101,1503001
1503102,1503001
1503103,1503001
15032_AM,1503001
15033,1507805
15034,1507805
1503501,1503001
1503502,1503001
1503601,1503001
1503602,1503001
1503605_AD,1503001
1503606,1503001
1503607,1503001
1503608,1503001
15037,1507805
15040,1503001
15041,1503001
15042,1507805
15043,1503001
15045,1507805
15046,1507805
15047_AM,1507805
1504801,1503001
1504802,1503001
15050_AM,1503001
15051,1503001
15052,1507805
15053,1507805
15054,1503001
15055,1503001
15056,1507805
1505701,1507805
1505702,1507805
1505703,1507805
1505801,1503001
1505802,1503001
1505803,1503001
15059,1507805
15060,1507805
15061,1503001
15062,1507805
15064_AM,1503001
15065,1507805
15066,1507805
15067,1507805
15068,1503001
1506901,1503001
1506902,1503001
15070_AM,1503001
15071,1507805
15072,1507805
15073,1507805
15074,1507805
15075,1503001
15076,1503001
15077,1507805
1507801,1507805
1507802,1507805
1507803,1507805
1507804,1507805
1507805,1507805
1507806,1507805
1508201,1507805
1508202,1507805
1508203,1507805
15084,1507805
15085,1507805
15086,1507805
15087,1503001
15088,1507805
15089,1507805
15092,1507805
15093,1507805
15901_AM,1503001
15902,1503001
16027_AM,2807905
16042_AM,4625001
16066,0200308
16102_AM,0200308
16106_AM,2807905
16112_AM,2807905
16113_AM,0200308
16117_AM,4625001
16124_AM,2807905
16125_AM,0200308
1613301,2807905
1613302,2807905
16134,0200308
1615401,2807905
1615402,2807905
16171_AM,2807905
1617501,0200308
1617502,0200308
1619001,0200308
1619002,0200308
16191_AM,2807905
16198_AM,0200308
16203,2807905
16249_AM,2807905
16251_AM,0200308
17007_AM,1707903
17008,1707903
17009,08298
17012_AM,1707903
17013,1707903
1701501,1707903
1701502,1707903
1701503,1707903
17016_AM,1707903
17019,1707903
17020,1707903
1702201,1707903
1702202,1707903
1702301,1707903
1702302,1707903
1702303,1707903
17027,1707903
17032,1707903
17033,1707903
17034,1707903
17036_AM,08298
17039_AM,08298
1704401,1707903
1704402,1707903
17047,1707903
17048,1707903
17049_AM,1707903
17056_AM,1707903
17062,1707903
1706601,1707903
1706602,1707903
1706603,1707903
1706604,1707903
17067_AM,1707903
17073,1707903
1707901,1707903
1707902,1707903
1707903,1707903
1707905_AD,1707903
1707906,1707903
17083,1707903
17086_AM,1707903
17089,1707903
17092_AM,1707903
1709501,1707903
1709502,1707903
1709503,1707903
1709504,1707903
17103,1707903
17111_AM,1707903
1711701,1707903
1711702,1707903
1711703,1707903
1711801,1707903
1711802,1707903
1711803,1707903
1711804,1707903
17120_AM,1707903
17124_AM,1707903
17132_AM,1707903
17137_AM,1707903
17142,1707903
17146,08086
17147,08298
17148_AM,1707903
1715201,1707903
1715202,1707903
1715501,1707903
1715502,1707903
1716001,1707903
1716002,1707903
1716003,1707903
1716004,1707903
17163,1707903
17164_AM,08298
17167_AM,08298
17169_AM,1707903
17178_AM,1707903
17180_AM,1707903
17181,1707903
17186,1707903
17190_AM,1707903
17193,1707903
17199,1707903
17202,1707903
17211_AM,1707903
17213,1707903
17215_AM,1707903
17221,1707903
17223_AM,1707903
17233_AM,1707903
17901_AM,1707903
17902_AM,1707903
18003,1808702
1800601,1808702
1800602,1808702
18011,1808702
18013,1808702
18014_AM,1808702
18017,2906708
18021,1808702
1802201,1808702
1802202,1808702
18035_AM,1808702
18036,1808702
18047,1808702
18048,1808702
18050_AM,1808702
18057,1808702
18059,1808702
18061_AM,1808702
18062,1808702
18066,1808702
18071_AM,1808702
18079,1808702
18084,1808702
1808701,1808702
1808702,1808702
1808703,1808702
1808706,1808702
1808707,1808702
1808708_AD,1808702
1808709,1808702
18088_AM,1808702
18093,1808702
18094,1808702
18095,1808702
18099_AM,1808702
18100,1808702
18101,1808702
18102_AM,1808702
18105,1808702
18111,1808702
18115,1808702
18116_AM,1808702
18119_AM,1808702
18122_AM,1808702
1812701,1808702
1812702,1808702
18132,1808702
18133,2906708
18134,1808702
18135_AM,1808702
18136_AM,1808702
18137_AM,1808702
18138,1808702
18145,1808702
1814701,1808702
1814702,1808702
18148_AM,2906708
18149_AM,1808702
1815001,1808702
1815002,1808702
18153,1808702
18157_AM,1808702
18158,1808702
18162_AM,1808702
18165,1808702
18171_AM,1808702
18173,2906708
18175,1808702
18182,1808702
18184_AM,1808702
18192_AM,1808702
18193,1808702
18903_AM,1808702
18905,1808702
18911,1808702
19021_AM,2807905
19024,2807905
19046,2807905
19053_AM,2807905
19058_AM,2807905
19071,2807905
19086_AM,2807905
19105,2807905
19117,2807905
19126,2807905
1913001,2807905
1913002,2807905
1913003,2807905
1913004,2807905
1913005,2807905
19143,2807905
19151_AM,2807905
19160_AM,2807905
19171,2807905
19190,2807905
19192,2807905
19220_AM,2807905
19245_AM,2807905
19257_AM,2807905
19274_AM,2807905
19280,2807905
19293,2807905
19319,2807905
19326,2807905
19331,2807905
20005_AM,2006906
20009,2006906
20010_AM,2006906
20013,2006906
20016_AM,2006906
2001701,2006906
2001702,2006906
2001703,2006906
20018,2006906
20019,2006906
20022_AM,2006906
20025_AM,2006906
20027_AM,2006906
20028_AM,2006906
20029,2006906
2003001,4802006
2003002,4802006
2003003,4802006
2003004,2006906
2003005,2006906
20032,2006906
20034_AM,2006906
20036,2006906
20039,2006906
20040,2006906
20042,2006906
20043_AM,2006906
2004501,2006906
2004502,2006906
2004503,2006906
2004504,2006906
20049,2006906
20051,2006906
20052_AM,2006906
20053,2006906
20055,2006906
20056_AM,2006906
20059,2006906
20061,2006906
20063,2006906
20064,2006906
20065_AM,2006906
20067,2006906
2006901,2006906
2006902,2006906
2006903,2006906
2006904,2006906
2006905,2006906
2006906,2006906
2006907,2006906
2007101,2006906
2007102,2006906
2007103,2006906
2007104,2006906
20072,2006906
20073,2006906
2007401,2006906
2007402,2006906
2007403,2006906
20075,2006906
20076,2006906
20077_AM,2006906
2007901,2006906
2007902,2006906
20080,2006906
20081,2006906
20902,2006906
20903,2006906
2100501,4100404
2100502,4100404
2100503,4100404
21013,4100404
21014,4100404
21032_AM,4100404
21040_AM,4100404
21046,4100404
21053_AM,4100404
21054,4100404
21056,4100404
2106101,4100404
2106102,4100404
21074_AM,4100404
22021_AM,5029702
22116_AM,5029702
22137_AM,5029702
22213_AM,5029702
2300201,2305004
2300202,2305004
2300203,2305004
2300204,2305004
2300205,2305004
23003,2305004
23005,2305004
23006,2305004
23007_AM,2305004
23009,2305004
2301001,2305004
2301002,2305004
2301003,2305004
23011_AM,2305004
23012_AM,2305004
23014,2305004
23015_AM,2305004
23018,2305004
23019_AM,2305004
2302401,2305004
2302402,2305004
2302403,2305004
23025,2305004
23026,2305004
23028,2305004
23034,2305004
23038,2305004
23039,2305004
23040_AM,2305004
23044_AM,2305004
23045_AM,2305004
23046_AM,2305004
2305001,2305004
2305002,2305004
2305003,2305004
2305004,2305004
2305005,2305004
2305006,2305004
2305007,2305004
2305008,2305004
2305009,2305004
23051,2305004
23053,2305004
2305501_AD,2305004
2305503_AD,2305004
2305504,2305004
2305505,2305004
2305506,2305004
2305507,2305004
23056,2305004
23058,2305004
2305901,2305004
2305902,2305004
23060,2305004
23061_AM,2305004
23062_AM,2305004
23063_AM,2305004
23066,2305004
23067,2305004
23069_AM,2305004
23070,2305004
23072_AM,2305004
23073_AM,2305004
23074_AM,2305004
23075,2305004
23079_AM,2305004
23080_AM,2305004
23082_AM,2305004
23086_AM,2305004
23087,2305004
23088,2305004
23090_AM,2305004
23092,2305004
23093_AM,2305004
23094_AM,2305004
23095,2305004
23096,2305004
23097_AM,2305004
23099,2305004
23902,2305004
23903_AM,2305004
23904,2305004
24008,3412005
24010,3412005
24014,3412005
24015_AM,3412005
24021_AM,33066
24030,3412005
24034,3412005
24038_AM,3412005
24039_AM,3412005
24056_AM,33066
24059_AM,3412005
24064_AM,3412005
24065,3412005
24070_AM,3412005
24083_AM,3412005
24088_AM,3412005
24092_AM,3412005
24094_AM,3412005
2411501,3412005
2411502,3412005
2411503_AD,3412005
2411505,3412005
24122_AM,3412005
24139_AM,3412005
24148_AM,3412005
24154_AM,3412005
24157_AM,3412005
24160_AM,3412005
24166_AM,3412005
24169_AM,3412005
24170_AM,3412005
24181_AM,3412005
24183_AM,3412005
24188,3412005
24196_AM,3412005
24202,3412005
24209,3412005
24212_AM,3412005
24223,3412005
26002_AM,3120103
26005,0105906
26006,0105906
26008,3120103
2601101,3120103
2601102,3120103
2601801,3120103
2601802,3120103
26021_AM,3120103
26026_AM,0105906
26036,3120103
26042_AM,0105906
26047_AM,3120103
26059_AM,0105906
26061_AM,0105906
26064,0105906
26071_AM,0105906
26084,0105906
2608901,0105906
2608902,0105906
2608903,0105906
2608904,0105906
2608905,0105906
2608906,0105906
26099_AM,0105906
26102,0105906
26105_AM,0105906
26117_AM,3120103
26125,3120103
26129_AM,0105906
2613801,0105906
2613802,0105906
26168,0105906
27005,3302409
27006,1507805
27007_AM,1503001
27010,1503001
27011,1503001
27012_AM,1507805
27013,3302409
27014_AM,1507805
27015,1503001
27016,1507805
27018_AM,33066
27019,3302409
27020,1503001
27021_AM,1503001
27022,1503001
27023,1507805
27024_AM,1507805
27025,3302409
27026,1507805
27027_AM,3302409
27030,3302409
27031,1507805
27032,1507805
27039,1503001
27040_AM,1507805
27041_AM,1507805
27042_AM,1507805
27044_AM,1503001
27046_AM,1503001
27047_AM,1507805
27048_AM,1503001
27050,1507805
27051,3302409
27057,1507805
27058_AM,1507805
27060,1507805
27063_AM,3302409
27065,1503001
27066,3302409
27902,3302409
28002,2807905
28004,2807905
2800501,2800503
2800502,2800503
2800503,2800503
2800504,2800503
2800505,2800503
28006,2807905
2800701,2800701
2800702,2807905
2800703,2807905
2800704,2807905
28008,2807905
28009,2807905
28010,2807905
28012_AM,2807905
2801301,2807905
2801302,2807905
2801303,2807905
2801304,2807905
28014,28014
28015,2807905
28018,2807905
28019_AM,28014
28022,2807909
28023,2807905
28026,2807909
28027_AM,2807905
28028,2807905
28030,2807905
28031,2807905
28032_AM,2800503
28033,28014
28036,2807905
28037_AM,2807905
28038,2807905
2804001,2807905
2804002,2807905
2804003,2807905
28041,2807905
28042_AM,2807905
2804301,28014
2804302,2807905
28044,2807905
28045,2807905
28046,2807905
28047,2807905
2804901,2807905
2804902,2807905
2804903,28130
2804904,28130
28050,2807905
28052,2807905
28053,2807905
2805401,2807905
2805402,2807905
28057_AM,2807905
2805801,2807905
2805802,2805804
2805803,2807905
2805804,2805804
2805805,2807905
2805806,2807905
2805807,2807905
2805808,2807905
2805809,2807905
28059,2807905
28060_AM,28014
28061,2807905
2806501,2806504
2806502,2806504
2806503,2806504
2806504,2806504
28066,2807905
28067_AM,2807905
28068,2807905
28072,2807905
28073,2807905
2807401,2807401
2807402,2807905
2807403,2807905
2807404,2807405
2807405,2807405
2807406,2807905
2807407,2807401
28075,2807905
2807901,2807905
2807902,2807905
2807903,2807905
2807904,2807905
2807905,2807905
2807906,2807905
2807907,2807905
2807908,2807905
2807909,2807909
2807910,2807905
2807911,2807905
2807912,2807905
2807913,2807905
2807914,2807905
2807915,2807905
2807916,2807905
2807917,2807905
2807918,2807905
2807919,2807905
2807920,2807905
2807921,2807905
2808001,28127
2808002,28127
28082,2807905
28083,2800503
28084,2807905
28085,2807905
28086,2807905
28087,2807905
28089,2807905
28090,2807905
2809101,28014
2809102,28014
2809201,2809202
2809202,2809202
2809203,2809202
2809204,2809202
28093,2807905
28095,2807905
28096,2807905
28099_AM,2807909
28100,2807905
28104,2807905
28106,2807905
28108,2807905
28109,2807909
28110,28014
2811301,2807905
2811302,2807905
2811501,2807909
2811502,2807909
28119,2807909
28123,2807905
28125,2807905
28127,28127
28129,2807905
28130,28130
2813101,2807905
2813102,2807905
28132,2807905
28133,2807905
28134,2807905
28137,2800503
28140_AM,2807905
28141,2807909
28144,2807905
28145,2807905
28146,28014
2814801,2814801
2814802,2814801
2814803,2814801
2814804,2814801
28149,2807905
28150,2807905
28151_AM,2807905
28152,2807905
28154,2807905
28160,2807909
2816101,2816101
2816102,2816101
28162,2807905
28164,2807905
28165,28014
28167,2807905
28168_AM,2807905
28169_AM,2807905
28170_AM,2807905
28171,2807905
28172,2800503
28174,2807905
28176,2807909
28177,28127
28178_AM,2807909
28179_AM,28014
28180,28014
28181,2807909
28183_AM,2807905
28901_AM,2807905
28903,2807905
29001,2906708
29002_AM,2906708
29005,2906708
29007,2906708
2900801,2906708
2900802,2906708
2900803,2906708
29009_AM,2906708
29011,2906708
29012,2906708
29015_AM,2906708
29017,2906708
29018_AM,2906708
29020_AM,2906903
29023,2906903
2902501,2906708
2902502,2906708
2902503,2906708
29027_AM,2906708
29028_AM,2906903
29031_AM,2906903
29032,2906708
2903801,2906708
2903802,2906708
29039,2906708
29040,2906708
29041,2906903
2904201,2906708
2904202,2906708
2904203,2906708
2904204,2906708
29043,2906708
29045,2906708
29046,2906903
29049_AM,2906708
2905101,2906903
2905102,2906903
2905103,2906903
29053,2906708
2905401,2905401
2905402,2905401
2905403,2905401
29055,2906708
29056_AM,2906903
29059,2906708
2906701,2906708
2906702,2906708
2906703,2906708
2906704,2906708
2906705,2906708
2906706,2906708
2906707,2906708
2906708,2906708
2906709,2906708
2906710,2906708
2906711,2906708
29068,2906903
2906901,2906903
2906902,2906903
2906903,2906903
2906904,2906903
29070,2905401
29072,2906708
29073_AM,2906903
29075,2906708
29076_AM,2906903
29079,2906708
2908001,2906708
2908002,2906708
29082_AM,2906708
29083_AM,2906708
29084,2906903
29086_AM,2906708
29088,2906708
29089_AM,2906708
29090_AM,2906903
2909101,2906708
2909102,2906708
2909103,2906708
2909401,2906708
2909402_AD,2906708
2909403,2906708
2909404,2906708
29095_AM,2906708
29096,2906708
29097,2906708
29100,2906708
29901,2906708
29902,2906708
3000101,30027
3000102,30027
30002,30027
30003,3002402
30005,3003002
30007,30027
30008,3002402
30009,30027
30010,3003002
30011,30027
30012,3003002
30013,30027
30014_AM,30027
30015,3003002
3001601,3001605
3001602,3001605
3001603,3001605
3001604,3001605
3001605,3001605
3001606,3001605
3001607,3001605
3001608,3001605
3001609,3001605
3001610,3001605
30017,3003002
30018,30027
30019,30027
30020,30027
30021,3003002
30022,0200308
30023,3003002
3002401,3002402
3002402,3002402
30025,30027
30026,3002402
30027,30027
30028,30027
30029,3003002
3003001,3003002
3003002,3003002
3003003,3003002
3003004,3003002
3003005,3003002
3003006,3003002
3003007,3003002
3003008,3003002
30032,3003002
30033,3002402
30035,3001605
30036,3001605
3003701,3001605
3003702,3001605
30038,30027
30039_AM,3002402
30041,3001605
30042_AM,30027
30043,0200308
30901,3003002
30902,3001605
31010_AM,3120103
31015,3120103
31016,3120103
31019_AM,3120103
31023,3120103
31029_AM,3120103
31036_AM,3120103
31038_AM,3120103
31041_AM,3120103
31042_AM,3120103
31050_AM,3120103
3106001,3120103
3106002,3120103
31065,3120103
31067_AM,3120103
31068_AM,5029702
31070,3120103
31072_AM,3120103
31076_AM,3120103
3107701,3120103
3107702,3120103
31078_AM,5029702
31084_AM,3120103
31086,3120103
31088,3120103
31092_AM,3120103
31097,3120103
31098,3120103
31101_AM,3120103
31104_AM,3120103
31108_AM,5029702
31122,3120103
31138_AM,3120103
31142_AM,3120103
31149_AM,2006906
31152_AM,3120103
31153_AM,2006906
31157_AM,3120103
31159_AM,3120103
31163,3120103
31165_AM,3120103
31169,3120103
31176,5029702
31191_AM,3120103
3120101,3120103
3120102,3120103
3120103,3120103
3120104,3120103
3120105,3120103
3120106,3120103
3120107,3120103
3120108,3120103
3120201,3120103
3120202,3120103
31206_AM,3120103
31208_AM,5029702
3121501,3120103
3121502,3120103
31216,3120103
31221_AM,3120103
3122701,3120103
3122702,3120103
3123201,5029702
3123202,5029702
3123203,5029702
3123204,5029702
31249_AM,3120103
31250,2006906
31251_AM,0105906
31254,3120103
31258,3120103
31260_AM,3120103
31901,3120103
31902,3120103
31903,3120103
31904_AM,3120103
31906_AM,3120103
31907,3120103
31908_AM,3120103
32056_AM,3605708
33001_AM,33066
33002,33066
33004,3302409
33006_AM,33066
33007_AM,3302409
33008_AM,3302409
33011,33066
33012,33066
33014,3302409
33015_AM,33066
33016,3302409
33017,3302409
33018,3302409
33019_AM,3302409
33020_AM,3302409
33021,3302409
33023,3302409
3302401,3302409
3302402,3302409
3302403,3302409
3302404,3302409
3302405,3302409
3302406,3302409
3302407,3302409
3302408,3302409
3302409,3302409
33025,3302409
33026_AM,33066
33031,33066
33032,33066
33033,33066
33034,3302409
33035,33066
33036,3302409
33037,33066
33038,33066
33040,33066
33041,3302409
33042,33066
3304401,33066
3304402,33066
3304403,33066
3304404,33066
3304405,33066
3304406,33066
3304407,33066
3304408,33066
3304409,33066
3304410,33066
3304411,33066
3304412,33066
3304414_AD,33066
3304415,33066
3304416,33066
33045,33066
33049,33066
33051_AM,33066
33056,3302409
33057_AM,33066
33059,33066
33060,33066
33066,33066
33069_AM,3302409
33070,3302409
33072_AM,33066
33073,33066
33074_AM,3302409
33076,3302409
34004_AM,3412005
34017_AM,3412005
34022_AM,3412005
34023,3412005
34047_AM,3412005
34056_AM,3412005
34069_AM,3412005
34079_AM,3412005
34080,3412005
34083_AM,3412005
3412001,3412005
3412002,3412005
3412003,3412005
3412004,3412005
3412005,3412005
3412006,3412005
3412007,3412005
34123_AM,3412005
34157,3412005
34171_AM,3412005
34218_AM,3412005
34225,3412005
34232_AM,3412005
35001,3501602
35002,3502606
35006,3501602
35008,3501602
35009,3501602
3501101,3502606
3501102,3502606
3501103,3502606
35012,3502606
35013,3501602
3501601,3501602
3501602,3501602
3501603,3501602
3501604,3501602
3501605,3501602
3501902,3502606
3501903,3502606
3501904_AD,3502606
35020,3501602
35021,3501602
3502202_AD,3502606
3502203,3502606
35023,3501602
35025_AM,3501602
3502601,3501602
3502602,3502606
3502603,3501602
3502604,3502606
3502605,3502606
3502606,3502606
35027,3501602
35031,3502606
35032,3501602
35033,3501602
36001,3605708
36002,1507805
3600301,3605708
3600302,3605708
36004,1507805
36005,1507805
3600601,1507805
3600602,1507805
3600603,1507805
3600801,1507805
3600802,1507805
3600803,1507805
36009_AM,3605708
36010,1507805
36013_AM,3605708
36015,1507805
36017,1507805
36018_AM,1507805
3602101,3605708
3602102,3605708
3602103,3605708
3602201,1507805
3602202,1507805
36023,3605708
36024,1507805
3602601,1507805
3602602,1507805
3602603,1507805
36027,1507805
36028,1507805
3602901,1507805
3602902,1507805
3602903,1507805
36030_AM,3605708
36032,1507805
3603301,3605708
3603302,3605708
3603303,3605708
36034,3605708
3603501,3605708
3603502,3605708
3603503,3605708
36036,3605708
36037,3605708
3603801,1507805
3603802,1507805
3603803,1507805
3603804_AD,1507805
3603805_AD,1507805
3603901,3605708
3603902,3605708
3603903,3605708
36040,1507805
3604101,1507805
3604102,1507805
36042,3605708
36043,3605708
36044,1507805
3604501,3605708
3604502,3605701
3604503,3605708
3604504,3605708
36046,1507805
36047_AM,1507805
36048,3605708
3604901,3605708
3604902,3605708
36050,3605708
3605101,1507805
3605102,1507805
3605103,1507805
36052,1507805
36053,3605708
3605401,3605708
3605402,3605708
3605403,3605708
3605404,3605708
36055,3605708
36056,1507805
3605701,3605701
3605702,3605701
3605703,3605701
3605704,3605708
3605705,3605708
3605706,3605701
3605707,3605708
3605708,3605708
3605709,3605708
3605801,1507805
3605802,1507805
36059,1507805
3606001,1507805
3606002,1507805
3606003,1507805
3606004,1507805
36061,1507805
36901,1507805
36902_AM,1507805
38001,3802301
38004,3802301
38005,3802301
38006,3802301
38010,3802301
3801101,3802301
3801102,3802301
38012,3802301
38015,3802301
38017,3802301
38018,3802301
38019,3802301
38020,3802301
38021_AM,3802301
3802201,3802301
3802202,3802301
3802203,3802301
3802204,3802301
3802205,3802301
3802301,3802301
3802302,3802301
3802303,3802301
3802304,3802301
3802305,3802301
3802306,3802301
38025,3802301
3802601,3802301
3802602,3802301
3802603,3802301
3802604,3802301
3802605,3802301
3802606,3802301
3802801,3802301
3802802,3802301
3802803,3802301
3802804,3802301
3803101,3802301
3803102,3802301
3803103,3802301
3803104,3802301
3803105,3802301
3803106,3802301
38032,3802301
38034,3802301
38035_AM,3802301
38036_AM,3802301
3803801,3802301
3803802,3802301
3803803,3802301
3803804,3802301
3803805,3802301
3803806,3802301
3803807_AD,3802301
3803809,3802301
3803810,3802301
3803811,3802301
3803812,3802301
38039,3802301
38040,3802301
38041,3802301
38042,3802301
38043,3802301
38044,3802301
38046,3802301
38049,3802301
38050,3802301
38051,3802301
39001_AM,3907508
39002,4802006
39006_AM,3907508
3900801,3907508
3900802,3907508
39009_AM,3907508
3901201,3907508
3901202,3907508
3901601,3907508
3901602,3907508
3901603,3907508
39018,3907508
39019_AM,3907508
3902001,4802006
3902002,4802006
3902003,4802006
39023,3907508
39025,3907508
39026_AM,3907508
39028,3907508
39030_AM,4802006
39035,3907508
39037_AM,3907508
39038_AM,4802006
39040,3907508
39041_AM,3907508
39042,3907508
39043_AM,3907508
39044,3907508
39047,3907508
3905201,3907508
3905202,3907508
39054,3907508
39055_AM,3907508
39056_AM,3907508
39057_AM,4802006
3906001,3907508
3906002,3907508
39061,3907508
39062_AM,3907508
39073,3907508
39074,3907508
3907501,3907508
3907502,3907508
3907503,3907508
3907504,3907508
3907505,3907508
3907506,3907508
3907507,3907508
3907508,3907508
39076,3907508
39078_AM,3907508
3907901,3907508
3907902,3907508
39080,3907508
39082_AM,3907508
3908501,3907508
3908502,3907508
3908701,3907508
3908702,3907508
3908703,3907508
3908704,3907508
3908705,3907508
39091_AM,3907508
39094_AM,3412005
39095,3907508
39099,3907508
39102,3907508
40032_AM,4718604
40040_AM,4718604
40041_AM,4718604
40043,4718604
40057_AM,4718604
4006301,4718604
4006302,4718604
40076,2807905
40094_AM,4718604
40101_AM,4718604
40138_AM,4718604
40141_AM,4718604
40145_AM,4718604
40170_AM,4718604
40225_AM,2807905
41003,4100404
4100401,4100404
4100402,4100404
4100403,4100404
4100404,4100404
41005,4100404
41006,4100404
4100701,4100404
4100702,4100404
41010,4100404
4101101,4100404
4101102,4100404
4101103,4100404
4101104,4100404
41012,4100404
41013,4100404
41014,2906708
4101501,4100404
4101502,4100404
4101601,4100404
4101602,4100404
41017,4100404
41018,4100404
41019,4100404
4102001,4100404
4102002,4100404
41021,4100404
41022,4100404
4102301,4100404
4102302,4100404
41024,4100404
41025_AM,4100404
41026,2906708
41027,4100404
41028,4100404
41029,4100404
41032_AM,4100404
41033_AM,4100404
4103401,4100404
4103402,4100404
4103403,4100404
41036,4100404
41037,2906708
4103801,4100404
4103802,4100404
4103803,4100404
4103804,4100404
4103805,4100404
41040,4100404
41041_AM,4100404
41042,4100404
41044,4100404
4104501,4100404
4104502,4100404
41046_AM,4100404
41047,4100404
41048_AM,4100404
41049,4100404
41050,4100404
41051,4100404
41052,4100404
4105301,4100404
4105302,4100404
4105303,4100404
4105304,4100404
4105501,4100404
4105502,4100404
4105503,4100404
41056,4100404
4105801,4100404
4105802,4100404
4105803,4100404
41059,4100404
4106001,4100404
4106002,4100404
4106003,4100404
41061,4100404
41062,2906708
41063,4100404
41064,4100404
41065_AM,4100404
4106701,4100404
4106702,4100404
41068,4100404
4106901,4100404
4106902,4100404
4106903,4100404
4106904,4100404
41070,4100404
41071,4100404
41072,4100404
41074,4100404
41075,4100404
41076_AM,2906903
4107701,4100404
4107702,4100404
4107703,4100404
41078,4100404
41079,4100404
41080_AM,4100404
4108101,4100404
4108102,4100404
41082,2906708
41084,4100404
41085,4100404
41086,4100404
4108701,4100404
4108702,4100404
41089,4100404
41090,2906708
4109101,4100404
4109102,4100404
4109103,4100404
4109104,4100404
4109105,4100404
4109106,4100404
4109107,4100404
4109108,4100404
4109109,4100404
4109110,4100404
4109111,4100404
4109201,4100404
4109202,4100404
41093,4100404
4109401,4100404
4109402,4100404
4109501,4100404
4109502,4100404
4109503,4100404
4109504,4100404
4109505,4100404
41096,4100404
41097,4100404
41098,4100404
41099,4100404
41101,4100404
41102,4100404
41901,4100404
41902,4100404
41903,1102004
41904,4100404
43002,0801902
43004,4314806
4300501,4314806
4300502,4314806
43007_AM,4314806
43009_AM,4314806
43012,4314806
43013,4314806
43014,4314806
43016,0801902
43019_AM,4314806
43020_AM,0801902
43026_AM,4314806
43028,0801902
43037,0801902
43038_AM,4314806
43042_AM,4314806
43043_AM,4314806
43044,4314806
4304701,4314806
4304702,4314806
43050,4314806
43051,0801902
43052_AM,4314806
43054_AM,4314806
43055_AM,4314806
43060_AM,4314806
43064_AM,4314806
43078_AM,4314806
43086,4314806
43088_AM,4314806
43090_AM,4314806
43092,4314806
43093,4314806
43094_AM,4314806
43095_AM,4314806
43100,4314806
43104,4314806
43108_AM,4314806
43109,4314806
43111,4314806
4312301,4314806
4312302,4314806
4312303,4314806
4312304,4314806
4312305,4314806
4312306,4314806
4312307,4314806
4312308,4314806
4312310_AD,4314806
43126_AM,4314806
43128_AM,4314806
43129,4314806
43131,4314806
4313301,4314806
4313302,4314806
4313601,4314806
4313602,4314806
43137_AM,0801902
43138,4314806
43139,4314806
43140,0801902
43142_AM,4314806
4314501,4314806
4314502,4314806
4314803_AD,4314806
4314804,4314806
4314805,4314806
4314806,4314806
4314807,4314806
4314808,4314806
4314809,4314806
43153,4314806
4315501,4314806
4315502,4314806
4315503,4314806
4315504,4314806
43156,4314806
43161,4314806
43162,4314806
4316301,0801902
4316302,0801902
4316303,0801902
43166_AM,4314806
43171,4314806
43901,4314806
43902,4314806
43903,4314806
43904,4314806
43905,4314806
43906,4314806
43907,4314806
44008_AM,5029702
44009_AM,5029702
44013,5029702
44014_AM,5029702
4402501,5029702
4402502,5029702
44050_AM,5029702
44051_AM,5029702
44056_AM,5029702
44059_AM,5029702
44068_AM,5029702
44076,5029702
44153,5029702
44155_AM,5029702
44158_AM,5029702
44209_AM,5029702
44210_AM,5029702
44216,5029702
44238_AM,5029702
44246_AM,5029702
45002,2807905
45012_AM,2807905
45013_AM,2807905
45014,2807905
45016,2807905
45019,2807905
45020_AM,2807905
45021,2807905
45023_AM,2807905
45028,2807905
45031,2807905
45034_AM,2807905
45037_AM,2807905
45038,2807905
45040_AM,2807905
45041,2807905
45045_AM,2807905
45046_AM,2807905
45047_AM,2807905
45051_AM,2807905
45052_AM,2807905
45053,2807905
45054,2807905
45056,2807905
45059_AM,2807905
45061,2807905
45064,2807905
4506601,2807905
4506602,2807905
45067_AM,2807905
45069_AM,2807905
45078_AM,2807905
4508101,2807905
4508102,2807905
45082_AM,2807905
45084,2807905
45085_AM,2807905
4508701,2807905
4508702,2807905
4508703,2807905
45088,2807905
45098,2807905
45099,2807905
45101_AM,2807905
45102,2807905
45106,2807905
45107,2807905
45109_AM,2807905
45110_AM,2807905
45112_AM,2807905
45115,2807905
45118_AM,2807905
45119,2807905
45121_AM,2807905
45122,2807905
45123,2807905
45124,2807905
45125,2807905
45128,2807905
45132_AM,2807905
45133,2807905
45135,2807905
45136,2807905
45137_AM,2807905
45140_AM,2807905
4514201,2807905
4514202,2807905
4514203,2807905
45145,2807905
45153_AM,2807905
45156,2807905
45157,2807905
45158_AM,2807905
45161,2807905
4516301,2807905
4516302,2807905
4516501,2807905
4516502,2807905
4516503,2807905
4516504,2807905
45166_AM,2807905
4516804_AD,2807905
4516805,2807905
4516806,2807905
4516807,2807905
45171_AM,2807905
4517301,2807905
4517302,2807905
45176,2807905
45180,2807905
45181,2807905
45183,2807905
45185,2807905
45186,2807905
45187,2807905
45188_AM,2807905
45189_AM,2807905
45192_AM,2807905
45195,2807905
45197,2807905
45198,2807905
45199,2807905
45200_AM,2807905
45201,2807905
45202,2807905
45203,2807905
45205,2807905
46001_AM,4625001
46004_AM,4618402
4600501,46190
4600502,46190
4600503,46190
46006,4618402
46007_AM,4625001
46008,4625001
46009,4625001
46011_AM,4625001
46013,4625001
46014,4625001
46015,4625001
46016_AM,4625001
4601701,4625001
4601702,4625001
4601703,4625001
4601704,4625001
4601705,4625001
4601901,4625001
4601902,4625001
46020,4618402
46021,46190
46022_AM,4625001
46025,4625001
46029,4625001
4603101,4625001
4603102,4625001
4603103,4625001
46032,4625001
46035,4625001
46039,4618402
46042,4618402
46044,0200308
46045_AM,4618402
46051,46214_AM
46054,4625001
46058_AM,4625001
46060,4625001
46062,4618402
46063_AM,4625001
46067_AM,4625001
4607001,46190
4607002,46190
46072,4618402
46073_AM,4618402
46074,4625001
46077,4625001
4607801,4625001
4607802,46190
46080_AM,4625001
46081,4618402
46082,4625001
4608301,4625001
4608302,4625001
4608303,4625001
4608304,4625001
46084_AM,4625001
46085,4625001
46089_AM,4625001
46093,4625001
46094,4625001
46097_AM,0200308
46098,4625001
46102,46190
46105,4625001
46106_AM,4625001
46109,4625001
46110,4625001
46111,4625001
46116,46190
46118_AM,4618402
46120_AM,4625001
46122,4625001
46123,4625001
46126,4625001
46128_AM,4618402
46132,4618402
46134,4625001
46135,46190
46136,4625001
46139,4625001
46143_AM,4625001
46145,4618402
4614701,4625001
4614702,4625001
46150_AM,4618402
46155_AM,4625001
46156,4625001
46157,4618402
4615901,46190
4615902,46190
4615903,46190
46160_AM,4618402
46163,4625001
46164,4625001
46165,4625001
46166,4625001
46169,4625001
46170,4618402
4617101,4625001
4617102,4625001
46172,4625001
46173_AM,4618402
46176,4625001
46177_AM,4625001
46178,4625001
46179,4618402
46182_AM,46190
46183,4618402
4618401,4618402
4618402,4618402
4618403,4618402
46186,4625001
46190,46190
46191,46214_AM
46193,4625001
46194,4625001
46197_AM,4625001
46199,4625001
46200_AM,4618402
46202,46190
46203_AM,4625001
4620401,4625001
4620402,4625001
46205,4625001
46207,4625001
46212_AM,4625001
46213,4625001
46214_AM,46214_AM
46216,4625001
46217_AM,4618402
46218_AM,4618402
4622003_AD,4625001
4622005_AD,4625001
4622006,4625001
4622007,4625001
46223,4625001
46228,46190
46229_AM,4625001
46230,4625001
46231_AM,4618402
46233,4625001
4623501,4625001
4623502,4625001
4623503,4625001
4623504,4625001
46237,4625001
4623801,4625001
4623802,4625001
4623803,4625001
4624401,4624404
4624402,4624404
4624403,4624404
4624404,4624404
4624801,4625001
4624802,4625001
46249,4625001
4625001,4625001
4625002,4625001
4625003,4625001
4625004,4625001
4625005,4625001
4625006,4625001
4625007,4625001
4625008,4625001
4625009,4625001
4625010,4625001
4625011,4625001
4625012,4625001
4625013,4625001
4625014,4625001
4625015,4625001
4625016,4625001
4625017,4625001
4625018,46190
4625019,4625001
46251_AM,4618402
46256,46214_AM
46257,4625001
46258,4625001
46260,4625001
46261_AM,4625001
46903,46190
47004_AM,4718604
47007_AM,4718604
47010,4718604
47023_AM,4718604
47027,4718604
47030_AM,4718604
47050,4718604
47052,4718604
47066_AM,4718604
47071_AM,4718604
4707501,4718604
4707502,4718604
47076,4718604
4708501,4718604
4708502,4718604
4708503,4718604
47086_AM,4718604
47090,4718604
47101_AM,4718604
47104_AM,4718604
47112_AM,4718604
47114,4718604
47129_AM,4718604
47133,4718604
47139_AM,4718604
47155,4718604
47161,4718604
4716501,4718604
4716502,4718604
47173_AM,4718604
4717501,4718604
4717502,4718604
47182_AM,4718604
4718601,4718604
4718602,4718604
4718603,4718604
4718604,4718604
4718605,4718604
4718606,4718604
4718607,4718604
4718608,4718604
4718609,4718604
4718610,4718604
4718611,4718604
4718612,4718604
47197_AM,4718604
47214_AM,3412005
47217,4718604
47231,4718604
48001_AM,4802006
4800201,4802006
4800202,4802006
48003,4802006
4801101,4802006
4801102,4802006
48012_AM,4802006
4801301,4802006
4801302,4802006
4801303,4802006
4801304,4802006
4801305,4802006
4801306,4802006
4801307,4802006
4801308,4802006
4801309,4802006
48015,4802006
48016,4802006
4801702,4802006
4801703,4802006
48018_AM,4802006
48019_AM,4802006
4802001,4802006
4802002,4802006
4802003,4802006
4802004,4802006
4802005,4802006
4802006,4802006
4802007,4802006
4802008,4802006
48022_AM,4802006
48026_AM,4802006
4802701,4802006
4802702,4802006
4802703,4802006
4802704,4802006
4802705,4802006
48029,4802006
48032,4802006
48034,4802006
48036,4802006
48038_AM,4802006
48040_AM,4802006
48043,4802006
4804401,4802006
4804402,4802006
4804403,4802006
48045,4802006
4804601,4802006
4804602,4802006
4805401,4802006
4805402,4802006
4805403,4802006
48055_AM,4802006
48057,4802006
48060_AM,4802006
48065_AM,4802006
48068_AM,4802006
4806901,4802006
4806902,4802006
48071_AM,4802006
48073,4802006
48074,0105906
48075,4802006
48077_AM,4802006
4807801,4802006
4807802,4802006
4807803,4802006
4807804,4802006
4807805,4802006
48080,4802006
48081_AM,4802006
48082,4802006
48083,4802006
4808401,4802006
4808402,4802006
4808403,4802006
4808404,4802006
48085,4802006
48086_AM,4802006
48089,4802006
4809001,4802006
4809002,4802006
48094,4802006
48095_AM,4802006
48096,4802006
48097_AM,4802006
48901,4802006
4890201,4802006
4890202,4802006
4890203,4802006
48904_AM,4802006
48905,4802006
48906_AM,4802006
48910_AM,4802006
48912_AM,4802006
49081_AM,4718604
49122_AM,4718604
49219_AM,4718604
49250_AM,4718604
50008_AM,5029712
50017_AM,5029711
50018_AM,5029702
50025,5029702
50034_AM,5029702
50038_AM,5029702
50055_AM,5029702
50057_AM,5029702
50062_AM,5029702
50066,5029702
50067,5029702
50068_AM,5029702
50073_AM,5029702
50074,5029702
50089,5029702
50094_AM,5029702
50095_AM,3120103
50099,5029702
50115,5029702
50118,5029702
50126,5029702
50130_AM,5029702
50150_AM,5029702
50153_AM,5029702
50159_AM,5029702
50160,5029702
50163_AM,5029702
50165_AM,5029702
50181_AM,5029702
50182,5029712
50204_AM,5029702
50208_AM,5029702
50209_AM,5029712
50219,5029711
50222_AM,5029702
50223_AM,5029702
50225_AM,5029702
50230_AM,3120103
50235_AM,5029702
50240_AM,5029702
50251_AM,5029702
50252,5029702
50272,5029712
50288,5029711
5029701,5029702
5029702,5029702
5029703,5029702
5029704,5029702
5029705,5029702
5029706,5029702
5029707,5029702
5029708,5029702
5029709,5029702
5029710,5029702
5029711,5029711
5029712,5029712
50298,5029702
50903,5029711
