unit,area,residents
01001,LMA15,627.585
01002,LMA3575,2432.652
01004_AM,LMA3575,499.007
01009_AM,LMA15,1037.111
01010,LMA3575,713.819
01017_AM,LMA1951,608.543
01028_AM,LMA827,958.681
01036,LMA3575,3740.85
01043,LMA1951,527.945
01047_AM,LMA827,764.709
01051,LMA15,793.068
01054_AM,LMA15,610.668
01058_AM,LMA15,1107.238
0105901,LMA15,8225.353
0105902,LMA15,20981.29
0105903,LMA15,13326.156
0105904,LMA15,8655.935
0105905,LMA15,16596.962
0105906,LMA15,1596.711
01063_AM,LMA15,1014.753
01901,LMA15,596.67
0200301,LMA23,6602.264
0200302,LMA23,11772.476
0200303,LMA23,5305.063
0200304,LMA23,5180.671
0200305,LMA23,4108.505
0200306,LMA23,4282.977
0200307,LMA23,7487.009
0200308,LMA23,1455.843
02008_AM,LMA1800,207.875
02009,LMA31,6685.856
02010_AM,LMA31,397.55
02012_AM,LMA23,449.722
02019_AM,LMA48,167.121
02021_AM,LMA23,326.066
02024_AM,LMA23,281.308
02025,LMA212,1652.168
02029,LMA23,788.474
02030,LMA43,21.457
02033_AM,LMA2311,657.604
02034_AM,LMA23,319.803
02035_AM,LMA48,447.292
02037,LMA43,8478.562
02045,LMA23,624.736
02053,LMA48,391.046
02063_AM,LMA23,489.142
02067_AM,LMA1800,222.641
0206901,LMA48,2319.113
0206902,LMA48,2133.927
0206903,LMA48,998.351
02072_AM,LMA43,146.218
02073_AM,LMA1300,1056.725
02074,LMA43,1406.63
02075_AM,LMA23,447.828
02079,LMA23,206.435
0208101,LMA58,1146.727
0208102,LMA58,2121.694
0208103,LMA58,1946.109
0208104,LMA58,1740.726
02086_AM,LMA2293,231.246
02901,LMA23,262.705
03002_AM,LMA154,1869.486
03005_AM,LMA175,3376.777
03006_AM,LMA106,714.682
0300901,LMA72,2290.69
0300902,LMA72,2728.514
0300903,LMA72,2417.453
0300904,LMA72,2636.551
0300905,LMA72,2871.7
0300906,LMA72,2233.786
0300907,LMA72,2600.411
0300908,LMA72,3807.671
03011,LMA73,6308.514
03012,LMA205,1109.536
03013_AM,LMA143,227.129
0301401,LMA81,3469.367
0301402,LMA81,6831.905
0301403,LMA81,11294.767
0301404,LMA81,20999.294
0301405,LMA81,7731.51
0301406,LMA81,13139.617
0301407,LMA81,7676.432
0301408,LMA81,9559.263
0301501,LMA205,4246.992
0301502,LMA205,1800.16
0301801,LMA73,1706.265
0301802,LMA73,1356.994
0301803,LMA73,3136.145
0301901,LMA143,1144.352
0301902,LMA143,1264.726
0301903,LMA143,2108.269
0301904,LMA143,2223.405
0302101,LMA212,324.974
0302102,LMA212,421.533
03023_AM,LMA212,698.861
03024,LMA175,969.617
03026_AM,LMA130,1631.266
03028_AM,LMA72,1238.336
0303101,LMA73,3818.838
0303102,LMA73,5741.296
0303103,LMA73,5985.879
0303104,LMA73,2791.413
03034_AM,LMA205,1732.187
03035_AM,LMA72,1113.483
0304101,LMA106,2042.729
0304102,LMA106,1569.835
03042,LMA106,1152.749
03043,LMA212,1130.451
03044_AM,LMA175,2555.244
03046,LMA81,627.233
0304701,LMA106,2220.092
0304702,LMA106,3837.845
03048,LMA73,1616.378
0304901,LMA175,2897.022
0304902,LMA175,2258.499
0305001,LMA81,4105.717
0305002,LMA81,2623.416
0305003,LMA81,1102.87
0305301,LMA154,818.063
0305302,LMA154,2026.588
03055,LMA135,2353.917
03056,LMA72,2646.115
03058,LMA175,2609.354
0305901,LMA135,3410.071
0305902,LMA135,1548.487
0305903,LMA135,1275.828
0305904,LMA135,1355.546
0305905,LMA135,2011.044
0306301,LMA130,2165.038
0306302,LMA130,2592.473
0306303,LMA130,2688.061
0306304,LMA130,4246.001
03064,LMA205,1711.651
0306501,LMA135,9473.264
0306502,LMA135,11890.705
0306503,LMA135,8912.31
0306504,LMA135,8212.229
0306505,LMA135,7868.519
0306506,LMA135,8971.91
0306507,LMA135,13698.366
0306601,LMA143,1896.668
0306602_AD,LMA143,2154.023
0306604,LMA143,7878.505
0306605,LMA143,4717.493
03069,LMA73,2271.181
03070,LMA205,1208.386
0307101,LMA130,747.508
0307102,LMA130,1026.438
03074_AM,LMA175,1670.646
03076,LMA205,3889.915
03077,LMA143,414.846
0307901,LMA154,1665.879
0307902,LMA154,2593.361
0307903,LMA154,3739.256
03081,LMA106,730.861
0308201,LMA158,1865.029
0308202,LMA158,1353.773
0308203,LMA158,4816.26
03083,LMA154,1882.466
03088,LMA143,3114.435
03089,LMA143,2392.83
0309001,LMA81,2391.452
0309002,LMA81,4804.458
03092_AM,LMA72,2968.376
03093,LMA143,6883.949
03094,LMA73,5458.45
03095,LMA130,2078.943
03096,LMA154,2279.621
03097_AM,LMA106,1085.684
0309901,LMA175,2073.016
0309902,LMA175,3470.057
0309903,LMA175,1220.792
0309904,LMA175,2602.652
0309905,LMA205,4735.904
0309906,LMA175,2707.018
0309907,LMA175,2305.063
0309908,LMA175,1849.108
03101,LMA130,2384.476
0310201,LMA106,354.949
0310202,LMA106,504.7
0310203,LMA106,684.945
0310401,LMA143,748.026
0310402,LMA143,2357.489
0310403,LMA143,2289.657
0310404,LMA143,6990.57
03105,LMA143,1294.99
03107,LMA73,1591.084
03109,LMA175,1179.402
03111,LMA175,2723.331
03112_AM,LMA73,327.602
0311301,LMA205,2535.596
0311302,LMA205,1001.678
03114,LMA143,379.626
03118,LMA205,1936.245
0311901,LMA81,3114.154
0311902,LMA81,3218.373
03120,LMA205,1063.383
0312101,LMA135,5256.368
0312102,LMA135,4122.673
0312201,LMA81,7213.887
0312202,LMA81,3326.637
0312203,LMA81,5791.254
03123_AM,LMA143,3985.451
03128,LMA106,2884.521
0313301,LMA205,5594.735
0313302,LMA205,5307.442
0313303,LMA205,8049.061
03138,LMA130,1269.308
0313901,LMA73,4402.195
0313902,LMA73,864.697
0313903,LMA73,5541.766
03140,LMA212,13504.562
03901,LMA130,643.214
03902,LMA2330,6617.267
03903,LMA205,300.36
04003,LMA216,8328.888
04006,LMA251,2826.796
04011_AM,LMA224,907.278
0401301,LMA224,601.73
0401302,LMA224,1091.382
0401303,LMA224,2630.786
0401304,LMA224,1475.711
0401305,LMA224,4115.412
0401306,LMA224,19518.554
0401307,LMA224,21286.77
0401308,LMA224,4192.936
04016,LMA267,672.445
04017_AM,LMA251,1977.726
04024,LMA224,849.571
0402901,LMA271,1051.612
0402902,LMA271,662.34
04031,LMA251,623.3
04032,LMA224,1530.458
04035,LMA267,3516.679
04038,LMA271,618.593
04044_AM,LMA251,706.035
04045_AM,LMA1470,768.108
04047_AM,LMA224,776.174
04048_AM,LMA267,1148.593
0404901,LMA267,2041.227
0404902,LMA267,1499.863
04050_AM,LMA224,636.306
04052,LMA224,5938.982
04053,LMA251,5025.326
04057_AM,LMA271,449.192
04062_AM,LMA251,1853.317
04064,LMA267,1705.865
0406601,LMA224,4821.046
0406602,LMA224,782.217
0406603,LMA224,571.233
04069,LMA251,2319.272
04070_AM,LMA251,1294.25
04074,LMA224,868.568
0407501,LMA251,621.337
0407502,LMA2285,663.323
0407901,LMA257,11428.226
0407902,LMA257,17931.342
04083_AM,LMA251,394.507
04086_AM,LMA267,458.729
04088_AM,LMA224,657.536
04092,LMA251,1144.765
04093,LMA267,730.684
04098_AM,LMA2313,455.292
04099,LMA2313,671.266
0410001,LMA267,749.523
0410002,LMA267,958.838
0410003,LMA267,1944.944
0410004,LMA267,1196.524
04101,LMA224,1831.925
04102,LMA257,8441.628
04902,LMA271,28799.292
04903,LMA257,2420.09
04904,LMA216,1017.567
05002_AM,LMA276,444.541
05013_AM,LMA276,446.921
05014_AM,LMA276,1331.367
05016,LMA3513,1348.237
0501901,LMA281,1042.62
0501902,LMA281,649.715
0501903,LMA281,935.871
0501904,LMA281,7243.422
0501905,LMA281,3395.21
0501906,LMA281,5306.413
05021_AM,LMA2725,533.714
05047,LMA276,244.307
05054_AM,LMA276,441.747
05057,LMA281,219.069
05102_AM,LMA281,474.472
05114_AM,LMA3513,467.333
05163_AM,LMA281,556.251
05168_AM,LMA281,452.637
05186_AM,LMA2725,505.397
05204_AM,LMA281,856.116
05220_AM,LMA281,534.977
05238_AM,LMA281,1279.725
05240_AM,LMA276,1131.054
05241_AM,LMA276,443.538
05242_AM,LMA3513,943.344
06002,LMA302,427.156
06005_AM,LMA357,531.616
06006,LMA314,869.082
0601101,LMA302,1830.673
0601102,LMA302,4496.014
0601103,LMA302,2301.84
0601104,LMA302,1820.795
06012_AM,LMA349,562.787
06014,LMA307,1490.263
0601501,LMA314,2675.379
0601502,LMA314,2363.839
0601503,LMA314,5538.142
0601504,LMA314,7740.305
0601505,LMA314,2799.543
0601506,LMA314,1596.389
0601507,LMA314,5898.652
0601508,LMA314,3372.848
0601509,LMA314,6121.296
0601510,LMA314,5282.229
06016_AM,LMA342,217.972
06019_AM,LMA307,576.827
06020_AM,LMA307,174.678
06022,LMA342,210.759
06023,LMA328,118.312
06025,LMA349,568.505
06028,LMA328,481.215
06033_AM,LMA328,169.584
06036_AM,LMA328,725.959
06039_AM,LMA328,547.894
06044_AM,LMA328,13591.547
06050,LMA342,660.067
06051_AM,LMA876,92.838
06052_AM,LMA342,1096.318
0605401,LMA302,239.388
0605402,LMA302,269.146
06055_AM,LMA342,579.51
06058_AM,LMA353,586.693
06059_AM,LMA307,145.994
06060_AM,LMA328,1280.946
06063,LMA876,105.708
06066_AM,LMA357,310.264
06067_AM,LMA342,671.962
06069_AM,LMA302,348.233
06070_AM,LMA342,1933.875
06072,LMA353,292.748
06074_AM,LMA307,681.064
06080_AM,LMA328,955.769
0608301,LMA349,1905.709
0608302_AD,LMA349,1515.316
0608303,LMA349,4668.376
0608304,LMA349,6723.121
0608306,LMA349,3158.052
06085_AM,LMA342,445.628
06087_AM,LMA328,136.338
06088,LMA353,3720.064
06091,LMA328,175.799
06093_AM,LMA342,180.236
06094_AM,LMA328,674.914
06095,LMA357,3312.693
06097_AM,LMA328,238.419
0610301,LMA353,610.94
0610302,LMA353,537.52
06108,LMA386,651.714
06109,LMA328,762.096
06113_AM,LMA302,445.53
06117_AM,LMA342,717.862
06120,LMA328,239.111
06121,LMA302,575.631
0612201,LMA386,844.862
0612202,LMA386,257.223
0612203,LMA386,440.781
06123_AM,LMA314,397.463
06125_AM,LMA328,111.568
06126_AM,LMA302,324.206
06127,LMA328,153.329
06128,LMA353,650.097
06135_AM,LMA349,532.87
06141_AM,LMA386,589.67
06143,LMA357,271.198
06149,LMA302,2790.216
0615301,LMA328,1241.092
0615302,LMA328,2098.162
0615303,LMA328,3343.528
0615304,LMA328,585.126
06154,LMA342,59.592
06155_AM,LMA353,597.08
0615801,LMA386,2353.234
0615802,LMA386,2471.195
06159,LMA342,548.473
06160_AM,LMA328,969.23
06162,LMA349,783.949
06901,LMA353,359.001
06903_AM,LMA353,554.957
07001,LMA447,1214.285
0700201,LMA436,799.612
0700202,LMA436,1477.701
07003,LMA395,7642.589
0700401,LMA447,591.491
0700402,LMA447,560.398
07005,LMA407,3289.8
0700601,LMA414,1323.251
0700602,LMA414,595.927
0700801,LMA447,914.756
0700802,LMA447,1336.481
0701001,LMA447,1412.806
0701002,LMA447,669.25
0701101,LMA407,1038.418
0701102,LMA407,1968.394
0701103,LMA407,3873.494
0701104,LMA407,1854.541
0701105,LMA407,4803.24
0701106,LMA407,1113.679
07012_AM,LMA395,911.064
0701301,LMA437,1134.514
0701302,LMA437,1576.087
07014,LMA414,4311.276
0701501,LMA415,3429.47
0701502,LMA415,2120.769
0701503,LMA415,1829.977
0701504,LMA415,2852.615
07016,LMA447,1371.107
07020,LMA447,921.75
0702201,LMA437,1330.754
0702202,LMA437,1224.703
0702203,LMA437,1085.514
0702204,LMA437,2564.773
07023_AM,LMA436,961.316
07024,LMA426,3934.441
07026,LMA427,15448.224
0702701,LMA395,2631.94
0702702,LMA395,3822.87
0702703,LMA395,2321.776
07028_AM,LMA447,855.041
0702901,LMA447,751.559
0702902,LMA447,851.073
07030_AM,LMA395,1080.012
07031,LMA447,8839.114
07032,LMA436,10477.879
07033,LMA437,15110.284
0703601,LMA447,3481.422
0703602,LMA447,7131.799
07037,LMA436,1065.673
07038_AM,LMA437,1097.813
0703901,LMA395,976.072
0703902,LMA395,851.609
0704001,LMA447,5366.449
0704002,LMA447,30135.18
0704003,LMA447,24015.759
0704004,LMA447,37588.256
0704005,LMA447,7962.931
07041_AM,LMA437,776.1
07042,LMA395,3878.552
0704301,LMA437,576.24
0704302,LMA437,549.559
07044,LMA395,4064.403
07045_AM,LMA447,840.942
0704601,LMA427,6068.071
0704602,LMA427,1037.12
07047_AM,LMA447,1449.945
0704801,LMA427,4235.398
0704802,LMA427,3638.879
07050,LMA427,1409.562
0705101,LMA437,927.937
0705102,LMA437,1743.869
0705201,LMA436,653.79
0705202,LMA436,976.999
0705401,LMA427,6141.352
0705402,LMA427,1355.841
0705403,LMA427,664.602
0705404,LMA427,1919.843
0705405,LMA427,1560.709
07055,LMA395,3279.88
0705601,LMA447,756.902
0705602,LMA447,1101.684
0705701,LMA437,2452.277
0705702,LMA437,611.037
07058_AM,LMA395,2127.227
07059,LMA437,1035.999
07060,LMA395,652.438
0706101,LMA447,1291.213
0706102,LMA447,1668.344
0706103,LMA447,1586.812
07062,LMA437,4573.801
07064,LMA436,2488.864
07065,LMA437,908.307
08001,LMA798,3954.522
08003,LMA616,2271.972
08005,LMA790,3374.773
0800601,LMA653,1701.074
0800602,LMA653,1807.833
0800701,LMA653,1114.682
0800702,LMA653,1173.824
0800901,LMA616,2391.999
0800902,LMA616,1117.838
08010_AM,LMA604,2034.714
08011_AM,LMA519,1215.641
08014,LMA790,558.311
0801501,LMA512,2232.421
0801502,LMA512,4462.933
0801503,LMA512,5122.23900000001
0801504,LMA512,7109.77600000001
0801505,LMA512,2998.626
0801506,LMA512,2080.756
0801507,LMA512,8765.27899999999
0801508,LMA512,4211.499
0801509,LMA512,14516.446
08016_AM,LMA519,1096.508
08017,LMA790,1237.611
08018_AM,LMA519,1061.004
0801901,LMA512,17570.559
0801902,LMA512,50919.154
0801903,LMA512,39152.595
0801904,LMA512,15946.959
0801905,LMA512,29926.658
0801906,LMA512,25684.969
0801907,LMA512,38868.527
0801908,LMA512,35616.278
0801909,LMA512,33875.272
0801910,LMA512,52531.356
08020,LMA512,1999.596
08022,LMA519,3681.478
08023,LMA790,3748.091
08029,LMA616,1750.489
08030,LMA616,2157.353
08031,LMA604,764.767
08032,LMA616,576.779
08033,LMA769,5365.155
08034_AM,LMA790,1192.779
0803501,LMA653,1709.15
0803502,LMA653,805.422
0803503,LMA653,2604.172
08037_AM,LMA790,1760.247
08038_AM,LMA604,1054.427
08040,LMA653,3650.319
08041,LMA616,5546.05600000001
08042,LMA790,917.811
08043,LMA802,1528.268
08044_AM,LMA589,2315.787
0804601,LMA790,1492.953
0804602,LMA790,2819.2
0804603,LMA790,1073.135
08047_AM,LMA604,545.107
08051,LMA769,7527.604
08053,LMA604,834.781
08054,LMA798,4530.709
0805601,LMA512,5528.456
0805602,LMA512,2883.074
0805603,LMA512,2883.893
0805604,LMA512,3753.74
0805605,LMA512,3800.097
08064,LMA790,425.553
08067,LMA790,2359.93
08068,LMA512,2160.517
08069,LMA589,1126.245
08072,LMA512,3361.55
0807301,LMA512,5485.522
0807302,LMA512,1681.686
0807303,LMA512,4072.103
0807304,LMA512,5214.888
0807305,LMA512,2253.6
0807306,LMA512,3115.471
08074,LMA802,3694.023
08075,LMA616,1504.158
0807601,LMA798,3472.427
0807602,LMA798,3013.113
08077,LMA512,10560.901
08085_AM,LMA798,1492.36
08086,LMA616,6854.486
0808801,LMA790,1950.006
0808802,LMA790,2493.308
0808901,LMA512,4140.959
0808902,LMA512,3539.3
0808903,LMA512,3058.539
0808904,LMA512,1195.373
08091_AM,LMA798,3370.765
08092,LMA519,1304.766
08094_AM,LMA798,1585.881
0809601,LMA616,4961.544
0809602,LMA616,3331.449
0809603,LMA616,4889.133
0809604,LMA616,5759.84300000001
08097_AM,LMA790,1133.983
08098_AM,LMA604,1588.213
08100,LMA790,1055.559
0810101,LMA512,12910.327
0810102,LMA512,10410.838
0810103,LMA512,10078.801
0810104,LMA512,8810.104
0810105,LMA512,8182.98699999999
0810106,LMA512,7549.84
08102,LMA589,13666.139
08105,LMA512,3386.638
0810601,LMA790,1338.168
0810602,LMA790,1862.193
08107,LMA512,4864.718
08108,LMA512,2000.572
0811001,LMA653,3189.365
0811002,LMA653,1625.838
0811201,LMA790,726.949
0811202,LMA790,1673.247
0811203,LMA790,2233.351
0811204,LMA790,788.015
0811302,LMA604,6642.309
0811303_AD,LMA604,3773.869
0811304,LMA604,7116.87099999999
0811305,LMA604,7281.176
0811401,LMA798,1530.506
0811402,LMA798,1257.722
0811403,LMA798,3683.071
0811404,LMA798,2698.857
08115_AM,LMA512,1410.997
08117,LMA790,1060.445
0811801,LMA616,3891.237
0811802,LMA616,1640.441
08119,LMA798,2499.74
08120,LMA769,2643.021
0812101,LMA616,4170.171
0812102,LMA616,6969.298
0812103,LMA616,7600.215
0812104,LMA616,4838.136
0812105,LMA616,8684.107
0812106,LMA616,6856.916
08122_AM,LMA798,1517.814
08123,LMA512,8714.86
0812401,LMA512,3750.185
0812402,LMA512,4711.956
0812403,LMA512,7214.02299999999
0812501,LMA512,1648.582
0812502,LMA512,1969.9
0812503,LMA512,3329.888
0812504,LMA512,950.54
0812505,LMA512,1397.717
0812506,LMA512,615.526000000001
08126,LMA512,2687.195
08127_AM,LMA604,771.509
08135,LMA616,3713.706
0813601,LMA616,3755.354
0813602,LMA616,1026.215
08138,LMA790,880.301
08140,LMA604,1658.156
08141,LMA519,1608.031
08143,LMA589,1141.161
08145_AM,LMA798,2018.573
08147,LMA769,6571.798
08148,LMA802,1031.391
08149_AM,LMA519,436.675
08155,LMA1374,2584.964
08156,LMA769,3614.749
08157,LMA512,3735.174
08158,LMA512,1405.019
0815901,LMA512,1888.697
0815902,LMA512,3725.363
08161,LMA589,4910.967
08162_AM,LMA589,1647.917
08163,LMA653,8465.43500000001
08167,LMA769,2511.915
0816901,LMA512,2513.579
0816902,LMA512,3176.542
0816903,LMA512,4849.779
0816904,LMA512,2261.945
0816905,LMA512,4322.635
08170_AM,LMA604,1050.473
08171,LMA519,450.627
0817201,LMA616,3210.973
0817202,LMA616,2140.185
0817203,LMA616,3726.932
08175_AM,LMA519,1278.113
0818001,LMA512,7331.005
0818002,LMA512,3486.024
08181,LMA616,3746.245
08182,LMA604,901.572
08183,LMA790,2004.714
0818401,LMA769,2091.301
0818402,LMA769,3850.72
0818403,LMA769,4502.302
0818404,LMA769,13670.425
0818701,LMA769,15338.946
0818702,LMA769,7452.068
0818703,LMA769,8306.844
0818704,LMA769,12085.054
0818705,LMA769,6384.58200000001
0818706,LMA769,8067.523
0818707,LMA769,2904.955
08191,LMA604,1441.158
08192,LMA604,1868.342
08194,LMA512,8338.505
08196,LMA512,6653.336
0819701,LMA616,1258.161
0819702,LMA616,1203.245
08198,LMA790,1655.055
0820001,LMA512,2302.434
0820002,LMA512,7922.642
0820003,LMA512,3916.592
0820004,LMA512,3967.837
0820005,LMA512,1358.55
0820006,LMA512,1323.538
08202,LMA790,4274.283
08203,LMA653,989.898
08204,LMA512,1028.695
0820501,LMA512,12565.648
0820502,LMA512,5144.007
0820503,LMA512,2171.751
0820504_AD,LMA512,1473.187
0820505,LMA512,5148.088
08207,LMA790,786.228
08208_AM,LMA798,3141.121
08209,LMA512,2236.039
0821001,LMA790,1041.065
0821002,LMA790,615.61
08211,LMA512,12135.53
08213,LMA604,2833.91
0821401,LMA616,1928.285
0821402,LMA616,1108.92
08215,LMA790,1107.944
0821701,LMA512,4788.242
0821702,LMA512,1269.012
0821703,LMA512,1555.933
0821704,LMA512,818.917
0821705,LMA512,980.727
08218,LMA604,2944.501
0821901,LMA616,2026.726
0821902,LMA616,1309.886
0821903,LMA616,1257.562
08220_AM,LMA790,2119.854
08221,LMA512,5967.928
08223,LMA769,371.273
08224_AM,LMA790,666.463
08226_AM,LMA589,843.928
08227_AM,LMA798,1083.947
08230,LMA616,2785.438
08231,LMA802,8714.44
08232_AM,LMA798,1477.808
08233_AM,LMA790,1995.688
08234,LMA790,1258.299
08235,LMA653,1436.356
08237_AM,LMA790,1641.955
08238,LMA769,5877.218
0824001,LMA798,1636.68
0824002,LMA798,1859.451
08244,LMA512,2005.348
0824501,LMA512,4508.652
0824502,LMA512,3129.119
0824503,LMA512,4352.386
0824504,LMA512,4500.893
0824505,LMA512,4871.633
0824506,LMA512,3424.7
08247_AM,LMA790,908.342
08248,LMA790,3121.966
08250,LMA589,3780.581
08251,LMA798,1991.962
08252,LMA769,7537.29
08258_AM,LMA790,762.59
08259,LMA790,2679.334
08260,LMA512,6883.352
08261,LMA653,1049.282
08262_AM,LMA604,2165.149
0826301,LMA512,3578.308
0826302,LMA512,1031.691
0826303,LMA512,979.599
0826304,LMA512,1160.313
08264,LMA616,1342.246
08266,LMA512,14129.656
08267,LMA769,2703.629
08268_AM,LMA519,876.711
08269,LMA790,1302.8
0827001,LMA802,3299.892
0827002,LMA802,5302.083
08273_AM,LMA798,1621.413
08274,LMA604,649.651
08278_AM,LMA790,2236.995
0827901,LMA769,9968.825
0827902,LMA769,6342.369
0827903,LMA769,7455.474
0827904,LMA769,11419.078
0827905,LMA769,13680.796
0827906,LMA769,11620.917
0827907,LMA769,2392.31
08281,LMA616,1531.042
08282,LMA512,2372.635
08283,LMA790,3819.228
08284_AM,LMA1374,5174.887
0828501,LMA790,2130.758
0828502,LMA790,1795.702
0828503,LMA790,2566.006
08286_AM,LMA589,1709.911
08288_AM,LMA798,972.362
08289,LMA512,1722.407
08291,LMA769,2516.357
08294_AM,LMA790,1933.027
08295,LMA512,2802.311
08296_AM,LMA616,1074.077
08298,LMA790,16193.912
08300_AM,LMA769,3386.918
0830101,LMA512,7064.663
0830102,LMA512,11550.131
08302,LMA589,3312.087
0830501,LMA798,1317.785
0830502,LMA798,4132.597
0830503,LMA798,2303.814
0830504,LMA798,4564.293
0830701,LMA802,4823.444
0830702,LMA802,3986.049
0830703,LMA802,2571.071
0830704,LMA802,7869.095
08902,LMA616,1840.109
08904,LMA769,2661.841
08905,LMA512,636.55
0901801,LMA807,3747.608
0901802,LMA807,2771.655
0901803,LMA807,3469.18
09048_AM,LMA839,218.704
09056,LMA839,979.58
0905902_AD,LMA813,2239.145
0905903,LMA813,4883.87
0905905,LMA813,16926.242
0905906,LMA813,2940.736
0905907,LMA813,3158.527
0905908,LMA813,6213.206
0905909,LMA813,13713.61
09073_AM,LMA813,1599.143
09109_AM,LMA15,473.396
09124_AM,LMA839,338.66
09141_AM,LMA807,1554.683
09174_AM,LMA807,593.34
09177_AM,LMA813,919.333
09194,LMA813,219.823
09209_AM,LMA839,952.009
09211_AM,LMA813,320.205
09219,LMA827,8293.497
09238_AM,LMA827,575.518
09289_AM,LMA813,680.268
09321_AM,LMA807,417.836
09330_AM,LMA813,345.054
09350_AM,LMA813,412.925
09363_AM,LMA813,587.081
09390_AM,LMA813,187.762
09410,LMA839,798.465
09413_AM,LMA839,496.934
09434_AM,LMA813,1444.784
09439_AM,LMA813,1048.29
09903,LMA839,1182.464
09907_AM,LMA813,1568.623
10004_AM,LMA860,342.57
10006_AM,LMA880,488.051
10010_AM,LMA872,653.377
10014_AM,LMA876,433.118
10019_AM,LMA876,632.762
10020_AM,LMA872,449.988
10021,LMA853,464.42
10032_AM,LMA853,293.547
10035_AM,LMA880,838.441
1003701,LMA853,8811.178
1003702,LMA853,5176.356
1003703,LMA853,1393.395
1003704,LMA853,7002.655
1003705,LMA853,1760.175
1003706_AD,LMA853,2202.945
10049_AM,LMA853,951.715
10050_AM,LMA880,267.283
10061_AM,LMA853,416.71
10064_AM,LMA2709,529.08
10067,LMA860,2616.515
10087_AM,LMA876,314.459
10089_AM,LMA880,696.758
10096_AM,LMA880,377.792
1010401,LMA876,359.334
1010402,LMA876,262.626
10105_AM,LMA876,486.235
10109_AM,LMA872,270.444
10110,LMA876,111.199
10113_AM,LMA853,294.857
10115,LMA853,520.268
10116_AM,LMA880,1203.875
10121,LMA872,2899.077
10127,LMA880,622.66
10128,LMA860,789.472
1013101,LMA876,1254.558
1013102,LMA876,2557.051
10140_AM,LMA876,625.62
10146_AM,LMA2709,714.13
10147_AM,LMA880,539.834
10148,LMA880,9283.67
10175_AM,LMA880,640.507
10177_AM,LMA853,1009.826
10180_AM,LMA876,2492.811
10184_AM,LMA880,889.456
10186_AM,LMA876,395.134
10189,LMA860,171.759
10195_AM,LMA853,2283.341
10203,LMA314,665.771
10205_AM,LMA2709,343.644
10212_AM,LMA876,385.543
10216_AM,LMA880,236.68
11001,LMA927,349.683
11002,LMA950,564.545
1100401,LMA897,8149.469
1100402,LMA897,7747.287
1100403,LMA897,5690.016
1100404,LMA897,9238.005
11005_AM,LMA950,1399.137
1100601,LMA900,2028.351
1100602,LMA900,2629.55
1100603,LMA900,1037.133
1100604,LMA900,1830.835
1100701,LMA904,1321.94
1100702,LMA904,1749.521
1100703,LMA904,635.224
1100704,LMA904,874.128
11008,LMA897,5186.294
11010,LMA900,978.705
11011_AM,LMA984,712.334
1101201,LMA919,891.811
1101202,LMA919,869.319
1101203,LMA919,1198
1101204,LMA919,813.221
1101205,LMA919,689.952
1101206,LMA919,652.073
1101207,LMA919,694.556
1101208,LMA919,5565.474
1101209,LMA919,5141.287
1101210,LMA919,6276.287
11013,LMA943,445.604
1101401,LMA921,3428.38
1101402,LMA921,2390.145
1101403,LMA921,2056.086
1101501,LMA927,4372.924
1101502,LMA927,2906.015
1101503,LMA927,2464.167
1101504,LMA927,6216.654
1101505,LMA927,7565.617
11016,LMA929,5705.166
11017,LMA900,247.731
1102001,LMA936,1064.143
1102002,LMA936,7250.363
1102003,LMA936,5060.991
1102004,LMA936,6856.52
1102005,LMA936,3682.806
1102006,LMA936,17831.802
1102007,LMA936,7391.273
1102008,LMA936,854.544
1102009,LMA936,4971.7
1102010,LMA936,668.371
11021,LMA943,1305.871
1102201,LMA943,1905.41
1102202,LMA943,2124.547
1102203,LMA943,4467.415
1102204,LMA943,1973.111
1102205,LMA943,1824.85
1102206,LMA943,1887.088
1102207,LMA943,1849.812
11023,LMA927,1576.458
11024_AM,LMA950,1900.916
11025,LMA927,453.545
11026_AM,LMA950,718.905
1102701,LMA953,9698.138
1102702,LMA953,3896.153
1102703,LMA953,6409.478
1102704,LMA953,1519.423
1102801,LMA965,1712.973
1102802,LMA965,460.893
1102803,LMA965,2278.19
1102804,LMA965,4534.396
11029,LMA900,347.854
1103001,LMA964,2413.938
1103002,LMA964,1388.744
1103003,LMA964,4400.324
1103101,LMA965,5015.874
1103103_AD,LMA965,1897.81
1103104,LMA965,1471.499
1103105,LMA965,1737.882
1103106,LMA965,8095.627
1103201,LMA970,8778.266
1103202,LMA970,2896.983
1103203,LMA970,2406.392
1103204,LMA970,1113.153
1103205,LMA970,6474.988
1103301,LMA943,569.908
1103302,LMA943,1907.212
1103303,LMA943,861.913
1103304,LMA943,1409.826
1103305,LMA943,1674.865
11034,LMA950,321.641
1103501,LMA981,2544.018
1103502,LMA981,1509.495
11037,LMA2982,1246.957
11038,LMA984,4593.438
11039,LMA921,3298.943
1104101,LMA900,235.586
1104102,LMA900,493.131
11901,LMA921,1601.078
11902_AM,LMA900,602.714
11903,LMA943,364.959
12004,LMA1001,1358.541
1200501,LMA1017,988.232
1200502,LMA1017,2378.468
1200901,LMA1017,2576.962
1200902,LMA1017,1812.859
1200903,LMA1017,3620.153
12011_AM,LMA3449,1376.455
12012_AM,LMA1033,1393.868
12016_AM,LMA1017,806.524
12021,LMA1017,599.095
12027,LMA1001,8332.736
12028,LMA1017,5652.42
12031,LMA1017,1583.999
1203201,LMA1017,2637.781
1203202,LMA1017,1232.685
1203203,LMA1017,2317.979
1203204,LMA1017,1463.168
1203205,LMA1017,1745.018
12033_AM,LMA1017,889.283
12034_AM,LMA1001,985.637
1204001,LMA1017,1156.236
1204002,LMA1017,2752.12
1204003,LMA1017,5679.66
1204004,LMA1017,8281.034
1204005,LMA1017,6140.714
1204006,LMA1017,9779.45300000001
1204007,LMA1017,7858.13
1204008,LMA1017,5345.228
1204009,LMA1017,4044.934
12050_AM,LMA1001,560.794
12053,LMA3449,622.538
12072_AM,LMA1017,664.673
1207701,LMA1017,570.713
1207702,LMA1017,719.151000000001
12080_AM,LMA1001,611.096
1208201,LMA1017,1423.136
1208202,LMA1017,1310.43
1208401,LMA1017,1895.192
1208402,LMA1017,4205.19
1208403,LMA1017,1272.086
12085,LMA1017,2477.708
12089,LMA1001,2487.189
12104,LMA1033,2201.372
12106_AM,LMA1033,1283.249
12117,LMA1001,671.212
12121_AM,LMA1001,713.368
12124,LMA1017,585.547
1212601,LMA1017,2944.341
1212602,LMA1017,4652.648
1212603,LMA1017,2074.311
12128_AM,LMA1017,1055.508
12129_AM,LMA1001,511.193
1213501,LMA1017,1669.475
1213502,LMA1017,7961.59
1213503,LMA1017,2672.43
1213504,LMA1017,3196.741
12136,LMA1017,602.935
12138,LMA1048,8793.429
12140_AM,LMA1033,540.694
12901,LMA1017,1446.088
12902_AM,LMA1017,1044.948
13001_AM,LMA1168,521.965
13005,LMA1053,9473.004
13009_AM,LMA1061,341.353
13011,LMA1168,639.841
1301301,LMA1061,929.848
1301302,LMA1061,991.989
13015,LMA1092,1123.875
13019,LMA1098,1555.191
13020_AM,LMA1092,1181.929
13023,LMA1061,2598.033
13027,LMA1061,417.592
13028_AM,LMA1053,2503.095
13031,LMA1067,730.139
13033_AM,LMA1108,236.138
1303401_AD,LMA1067,4136.203
1303402,LMA1067,6817.144
1303403,LMA1067,2140.351
1303404,LMA1067,4527.64
13038_AM,LMA1168,255.476
1303901,LMA1067,658.886
1303902,LMA1067,708.325
1303903,LMA1067,921.404
1303904,LMA1067,796.766
13042_AM,LMA1092,227.585
13044_AM,LMA1067,319.756
13047,LMA1053,1714.102
1305201,LMA1067,593.897
1305202,LMA1067,439.629
13053_AM,LMA1080,5079.978
13054,LMA1080,1459.936
1305601,LMA1067,1936.829
1305602,LMA1067,1424.06
13058,LMA1108,300.707
1306101,LMA1053,164.145
1306102,LMA1053,209.627
13063_AM,LMA1067,1379.35
13064,LMA1067,578.4
13065_AM,LMA1067,340.348
13066,LMA1067,304.005
13068_AM,LMA1067,334.901
13071,LMA1092,12712.405
13077,LMA1108,252.57
13078,LMA1098,2309.648
1307901,LMA1080,1088.759
1307902,LMA1080,507.96
1307903,LMA1080,672.135
1308201,LMA1098,4386.124
1308202,LMA1098,3467.854
1308203,LMA1098,2356.732
1308204,LMA1098,2472.363
13083_AM,LMA1067,238.237
13085,LMA1108,194.518
1308701,LMA1108,1053.351
1308702,LMA1108,1464.793
1308703,LMA1108,673.778
1308704,LMA1108,757.104
1308705,LMA1108,1178.548
13089_AM,LMA1080,456.844
13092_AM,LMA1108,390.761
13093_AM,LMA1108,633.378
13096,LMA1067,507.561
13097_AM,LMA1053,384.302
13098_AM,LMA1108,219.602
14001,LMA1157,624.689
1400201,LMA1156,536.042
1400202,LMA1156,810.242
1400203,LMA1156,1127.17
14004_AM,LMA1169,420.466
14005_AM,LMA1136,1101.231
14007_AM,LMA1121,4247.376
14008,LMA1168,297.716
14009,LMA1165,432.196
14010,LMA1176,484.353
14012,LMA1157,1117.885
14013,LMA1126,6427.669
14014,LMA1157,149.036
14017,LMA1128,3950.581
14018,LMA1136,662.803
14019,LMA1156,1428.469
1402101,LMA1136,8531.253
1402102,LMA1136,11698.554
1402103,LMA1136,638.906
1402104,LMA1136,1389.278
1402105,LMA1136,9899.886
1402106,LMA1136,16305.616
1402107,LMA1136,914.333
1402108,LMA1136,917.026
1402109,LMA1136,8952.324
1402110,LMA1136,11705.506
14022_AM,LMA1121,674.057
14023_AM,LMA1168,923.327
14024_AM,LMA1176,385.856
14025,LMA1156,653.055
14026_AM,LMA1165,440.606
14027,LMA1156,1190.112
14029_AM,LMA1165,437.609
14030_AM,LMA1162,1090.821
14035,LMA1168,1074.34
14036,LMA1162,623.814
14037,LMA1176,713.725
14038,LMA1152,15207.546
14039_AM,LMA1121,771.167
14040,LMA1156,886.223
14041,LMA1156,1012.736
14042,LMA1156,8065.247
14043_AM,LMA1157,2724.489
14045_AM,LMA1152,688.107
14046,LMA1121,376.07
1404901,LMA1162,2197.58
1404902,LMA1162,881.453
1404903,LMA1162,2158.402
14050,LMA1157,293.441
14051_AM,LMA1168,373.329
14052,LMA1165,2986.341
1405301,LMA1162,245.401
1405302,LMA1162,254.925
14054,LMA1168,5304.537
14055,LMA1169,6650.367
1405601,LMA1174,909.517
1405602,LMA1174,1249.183
1405603,LMA1174,1651.858
1405604,LMA1174,2356.805
1405605,LMA1174,2165.472
14057,LMA1128,1535.83
14058,LMA1176,4882.6
14060_AM,LMA1128,733.471
14065_AM,LMA1128,776.285
1406601,LMA1157,93.62
1406602,LMA1157,89.798
14067,LMA1136,861.036
14069,LMA1168,1624.738
14070_AM,LMA1168,404.841
14073,LMA1136,119.819
14074_AM,LMA1168,477.837
15001,LMA1215,1297.476
15002,LMA1279,8936.563
15004,LMA1248,1131.533
15005,LMA1215,9096.642
15006_AM,LMA2624,1147.469
15007,LMA1279,696.474
15008,LMA1215,1806.188
15009,LMA1215,3843.231
15010_AM,LMA2624,1044.419
15011,LMA1271,3838.076
15012,LMA1279,1087.647
15013,LMA1279,1883.841
15014,LMA1207,944.828
15015,LMA1248,603.328
15016,LMA1207,485.233
1501701,LMA1215,5385.989
1501702,LMA1215,1937.271
15019,LMA1215,8255.325
15020,LMA1253,711.132
15021,LMA1215,1717.562
15022_AM,LMA1248,1682.915
15023_AM,LMA1207,1935.902
15024,LMA1215,1102.331
15029,LMA1215,1531.401
1503001,LMA1215,2762.8
1503002,LMA1215,6528.728
1503003,LMA1215,5602.966
1503004,LMA1215,6356.224
1503005,LMA1215,8195.91
1503006,LMA1215,4829.663
1503007,LMA1215,12269.299
1503008,LMA1215,3267.366
1503009,LMA1215,3736.198
1503010,LMA1215,2377.441
1503101,LMA1215,2512.992
1503102,LMA1215,3963.802
1503103,LMA1215,1557.201
15032_AM,LMA2624,1081.926
15033,LMA1279,766.051
15034,LMA1207,555.086
1503501,LMA1248,2382.022
1503502,LMA1248,721.644
1503601,LMA1248,1085.324
1503602,LMA1248,2847.243
1503605_AD,LMA1248,2522.91
1503606,LMA1248,2331.147
1503607,LMA1248,2243.105
1503608,LMA1248,1974.029
15037,LMA1207,570.906
15040,LMA1207,832.451
15041,LMA1215,2992.091
15042,LMA1253,1026.474
15043,LMA1215,858.228
15045,LMA1253,889.386
15046,LMA2624,1551.739
15047_AM,LMA2624,1070.317
1504801,LMA1215,799.502
1504802,LMA1215,813.893
15050_AM,LMA1248,1145.6
15051,LMA1248,1155.549
15052,LMA1207,577.429
15053,LMA1253,1437.73
15054,LMA1248,9897.073
15055,LMA1248,1510.665
15056,LMA1279,1383.021
1505701,LMA1253,726.384
1505702,LMA1253,2033.425
1505703,LMA1253,1238.148
1505801,LMA1215,2426.707
1505802,LMA1215,6048.234
1505803,LMA1215,910.643
15059,LMA1279,1910.601
15060,LMA1279,2097.587
15061,LMA2006,693.544
15062,LMA1253,1430.923
15064_AM,LMA1215,1365.981
15065,LMA1279,2600.456
15066,LMA2624,755.114
15067,LMA1271,2210.409
15068,LMA1207,975.612
1506901,LMA1248,723.088
1506902,LMA1248,689.033
15070_AM,LMA1248,2448.475
15071,LMA1253,1702.249
15072,LMA1279,2851.41
15073,LMA1271,6787.349
15074,LMA1279,1316.847
15075,LMA1215,3203.001
15076,LMA1248,701.449
15077,LMA1207,1780.298
1507801,LMA1279,2149.715
1507802,LMA1279,3917.772
1507803,LMA1279,2691.214
1507804,LMA1279,6919.115
1507805,LMA1279,7071.083
1507806,LMA1279,822.852
1508201,LMA1279,3752.794
1508202,LMA1279,750.584
1508203,LMA1279,614.436
15084,LMA1215,758.481
15085,LMA2624,565.016
15086,LMA1279,656.458
15087,LMA1248,1582.166
15088,LMA1279,713.608
15089,LMA1279,1159.771
15092,LMA1207,973.31
15093,LMA1207,792.138
15901_AM,LMA2006,853.985
15902,LMA1215,1050.693
16023_AM,LMA1300,536.16
16027_AM,LMA1321,626.529
16042_AM,LMA1300,316.206
16066,LMA1300,483.406
1607803_AD,LMA1300,3571.104
1607804,LMA1300,13304.94
16102_AM,LMA58,405.216
16106_AM,LMA1321,568.734
16112_AM,LMA1321,346.63
16113_AM,LMA1300,253.541
16117_AM,LMA3441,122.487
16124_AM,LMA58,541.317
16125_AM,LMA1300,247.075
1613301,LMA3255,273.102
1613302,LMA3255,281.121
16134,LMA1300,1171.206
1615401,LMA58,152.394
1615402,LMA58,144.16
16170_AM,LMA1300,165.65
16171_AM,LMA58,304.886
1617501,LMA1300,570.434
1617502,LMA1300,653.036
1619001,LMA58,452.296
1619002,LMA58,614.817
16191_AM,LMA1321,362.102
16198_AM,LMA1300,312.481
16203,LMA1321,3097.652
16249_AM,LMA1321,292.365
16251_AM,LMA1300,723.877
16903_AM,LMA1300,689.636
16905_AM,LMA1300,1000.902
17006_AM,LMA1395,1608.822
17007_AM,LMA1364,1932.761
17008,LMA1364,1048.747
17009,LMA790,678.942
17012_AM,LMA1358,1850.43
17013,LMA1331,1038.699
1701501,LMA1364,2653.28
1701502,LMA1364,2082.719
1701503,LMA1364,1337.776
17016_AM,LMA1358,1604.151
17019,LMA1382,664.921
17020,LMA1364,1991.513
1702201,LMA1331,699.737
1702202,LMA1331,602.529
1702301,LMA1374,2705.906
1702302,LMA1374,7525.687
1702303,LMA1374,2396.422
17027,LMA790,1054.233
17032,LMA1400,182.507
17033,LMA1364,2114.774
17034,LMA1404,3213.37
17036_AM,LMA1398,804.542
17039_AM,LMA1382,1610.723
1704401,LMA1364,1034.258
1704402,LMA1364,2371.153
17047,LMA1400,3312.486
17048,LMA1404,3287.646
17049_AM,LMA1364,2557.195
17056_AM,LMA1364,2380.362
17062,LMA1331,2404.594
1706601,LMA1358,3731.563
1706602,LMA1358,1774.795
1706603,LMA1358,3559.893
1706604,LMA1358,4459.856
17067_AM,LMA1364,1872.307
17073,LMA1364,839.318
1707901,LMA1364,2439.242
1707902,LMA1364,11750.614
1707903,LMA1364,11892.842
1707905_AD,LMA1364,2827.149
1707906,LMA1364,3078.829
17083,LMA790,735.498
17086_AM,LMA1358,634.014
17089,LMA1404,2430.108
17092_AM,LMA1400,1738.939
17094,LMA1395,331.514
1709501,LMA1374,3016.239
1709502,LMA1374,2471.282
1709503,LMA1374,3576.773
1709504,LMA1374,2380.008
17103,LMA1374,1935.664
17111_AM,LMA1358,1709.057
1711401,LMA1382,2191.838
1711402,LMA1382,2201.034
1711403,LMA1382,1396.877
1711404,LMA1382,2055.968
1711405,LMA1382,1804.695
1711701,LMA1331,2585.291
1711702,LMA1331,1832.763
1711703,LMA1331,1541.59
1711801,LMA1404,1678.181
1711802,LMA1404,934.605
1711803,LMA1404,1590.068
1711804,LMA1404,887.313
17120_AM,LMA1400,695.121
17124_AM,LMA1331,704.477
17132_AM,LMA1358,1978.417
17137_AM,LMA1364,2023.906
17139_AM,LMA1382,1401.846
17141,LMA1395,2601.642
17142,LMA1364,1247.956
17146,LMA790,1122.57
17147,LMA1398,3197.202
17148_AM,LMA1364,872.931
1715201,LMA1400,3643.946
1715202,LMA1400,2610.217
1715501,LMA1364,4447.592
1715502,LMA1364,3878.478
1716001,LMA1404,1190.103
1716002,LMA1404,3102.351
1716003,LMA1404,1643.072
1716004,LMA1404,810.747
17163,LMA1364,1249.956
17164_AM,LMA790,764.217
17167_AM,LMA1398,702.491
17169_AM,LMA1364,1242.241
17178_AM,LMA1358,1394.762
17180_AM,LMA1364,3448.967
17181,LMA1404,2083.632
17184_AM,LMA1382,1373.787
17185,LMA1382,1004.521
17186,LMA1364,1162.358
17190_AM,LMA1382,818.376
17193,LMA1364,1779.146
17199,LMA1331,2553.937
17202,LMA1374,1067.523
17207,LMA1382,1283.923
17211_AM,LMA1331,1782.722
17213,LMA1374,2135.439
17215_AM,LMA1364,1312.045
17221,LMA1358,1849.878
17223_AM,LMA1400,1268.672
17233_AM,LMA1364,1431.004
17901_AM,LMA1364,1839.804
17902_AM,LMA1331,1238.724
18003,LMA1431,5405.228
1800601,LMA1498,581.041
1800602,LMA1498,656.151
18011,LMA1431,1039.186
18013,LMA2272,657.423
18014_AM,LMA1463,2514.597
18017,LMA1437,7623.489
18021,LMA1463,6192.997
1802201,LMA1431,2995.685
1802202,LMA1431,1670.056
1802301,LMA1441,2611.439
1802302,LMA1441,2856.703
1802303,LMA1441,1122.243
18027_AM,LMA1470,669.927
18029_AM,LMA1441,532.705
18035_AM,LMA1463,538.673
18036,LMA1463,1607.218
18039,LMA1441,648.14
18047,LMA1463,1586.791
18048,LMA1431,717.473
18050_AM,LMA1431,337.919
18056,LMA1441,954.321
18057,LMA1463,2017.052
18059,LMA1431,704.8
18061_AM,LMA1463,853.631
18062,LMA1463,3707.507
18063_AM,LMA1470,751.975
18066,LMA1431,228.534
18071_AM,LMA1437,1980.838
18079,LMA1431,952.652
18084,LMA1463,1719.143
1808701,LMA1463,3723.306
1808702,LMA1463,11411.151
1808703,LMA1431,12664.381
1808706,LMA1463,5122.04
1808707,LMA1431,5440.137
1808708_AD,LMA1463,1562.951
1808709,LMA1463,3392.528
18088_AM,LMA1727,208.705
18089,LMA1470,5616.042
18093,LMA1498,1601.209
18094,LMA1463,251.973
18095,LMA1431,796.358
18098,LMA1441,626.012
18099_AM,LMA1431,674.617
18100,LMA1485,2231.764
18101,LMA1463,3460.991
18102_AM,LMA1431,1433.809
18105,LMA1727,366.702
18108_AM,LMA1470,1098.366
18111,LMA1431,676.616
18115,LMA1431,1009.548
18116_AM,LMA1498,463.579
18119_AM,LMA1437,944.637
18122_AM,LMA1485,8081.509
1812701,LMA1431,2749.111
1812702,LMA1431,3020.416
18132,LMA1727,416.309
18133,LMA1498,409.506
18134,LMA1463,2041.134
18135_AM,LMA1485,575.053
18136_AM,LMA1727,291.257
18137_AM,LMA1727,254.473
18138,LMA1485,559.503
1814001,LMA1498,1666.14
1814002,LMA1498,3748.976
1814003,LMA1498,1444.311
1814004,LMA1498,6921.098
1814005,LMA1498,3570.597
18145,LMA1463,3843.171
1814701,LMA1498,821.74
1814702,LMA1498,697.744
18148_AM,LMA1437,591.302
18149_AM,LMA1463,1901.21
1815001,LMA1437,651.818
1815002,LMA1437,901.778
18152_AM,LMA1470,99.984
18153,LMA1431,2690.061
18157_AM,LMA1463,436.855
18158,LMA1431,1654.585
18162_AM,LMA1498,1255.138
18164_AM,LMA1441,431.813
18165,LMA1431,1532.203
18171_AM,LMA1485,847.928
18173,LMA1498,2624.789
18175,LMA1431,3815.617
18182,LMA1463,587.16
18184_AM,LMA1498,727.707
18192_AM,LMA2272,455.361
18193,LMA1463,4632.898
18194,LMA1441,573.086
18903_AM,LMA1463,612.957
18905,LMA1463,5842.01
18907_AM,LMA1470,678.923
18911,LMA1431,3224.267
18912_AM,LMA1441,170.928
18916,LMA1498,613.103
19021_AM,LMA1321,282.453
19024,LMA1539,3099.418
19046,LMA1539,8030.03
19053_AM,LMA1539,354.822
19058_AM,LMA1539,3545.521
19071,LMA2108,2906.046
19086_AM,LMA1539,109.041
19105,LMA1539,867.588
19117,LMA1539,345.339
19126,LMA1539,571.143
1913001,LMA1539,5602.018
1913002,LMA1539,7451.445
1913003,LMA1539,4298.122
1913004,LMA1539,3275.111
1913005,LMA1539,1904.038
19143,LMA1539,378.34
19151_AM,LMA1539,267.714
19160_AM,LMA1539,663.515
19171,LMA1539,2222.571
19190,LMA3676,57.385
19192,LMA1321,130.024
19220_AM,LMA1539,1212.435
19245_AM,LMA1539,272.052
19257_AM,LMA1539,220.23
19274_AM,LMA1539,889.369
19280,LMA1539,1276.592
19293,LMA2108,608.564
19319,LMA1539,1295.814
19326,LMA1539,1025.842
19331,LMA1539,657.27
20005_AM,LMA1605,1259.934
20009,LMA1605,3267.547
20010_AM,LMA1605,1058.735
20013,LMA1605,1907.597
20016_AM,LMA1605,1316.757
2001701,LMA1605,857.046
2001702,LMA1605,1046.796
2001703,LMA1605,1849.249
20018,LMA1605,3636.294
20019,LMA1605,3881.71
20022_AM,LMA1605,1081.49
20025_AM,LMA1605,1439.124
20027_AM,LMA1605,1099.663
20028_AM,LMA1605,870.155
20029,LMA3582,1087.708
2003001,LMA3582,2322.922
2003002,LMA3582,1227.28
2003003,LMA3582,1158.499
2003004,LMA3582,1460.427
2003005,LMA3582,2015.698
20032,LMA3582,3797.733
20034_AM,LMA1605,1711.963
20036,LMA1587,4079.799
20039,LMA1605,621.914
20040,LMA1605,6692.016
20042,LMA1605,937.876
20043_AM,LMA1605,1564.689
2004501,LMA1587,2024.723
2004502,LMA1587,5093.176
2004503,LMA1587,7576.612
2004504,LMA1587,3869.881
20049,LMA1605,2105.39
20051,LMA1605,1402.323
20052_AM,LMA1605,1191.951
20053,LMA1605,1584.411
20055,LMA1605,5303.578
20056_AM,LMA3582,1264.092
20059,LMA1605,3186.17
20061,LMA1605,2200.261
20063,LMA1605,2490.276
20064,LMA1605,4813.836
20065_AM,LMA1605,2052.979
20067,LMA1605,10242.233
2006901,LMA1605,1262.025
2006902,LMA1605,1709.429
2006903,LMA1605,11659.81
2006904,LMA1605,5879.731
2006905,LMA1605,3617.436
2006906,LMA1605,13471.011
2006907,LMA1605,11029.677
2007101,LMA1605,1211.962
2007102,LMA1605,1399.201
2007103,LMA1605,1509.297
2007104,LMA1605,952.954
20072,LMA1605,2539.358
20073,LMA1605,1600.122
2007401,LMA1605,1728.909
2007402,LMA1605,1180.034
2007403,LMA1605,930.661
20075,LMA1605,1388.306
20076,LMA1605,3289.852
20077_AM,LMA1605,1759.102
2007901,LMA1605,1244.638
2007902,LMA1605,5753.667
20080,LMA1605,1902.231
20081,LMA1605,2657.054
20902,LMA1605,4908.442
20903,LMA1605,2774.066
2100201,LMA1652,2953.919
2100202,LMA1652,3541.762
2100501,LMA1628,1984.255
2100502,LMA1628,1057.383
2100503,LMA1628,2671.952
21006,LMA1661,230.136
21007_AM,LMA1686,1303.245
21008_AM,LMA1686,184.911
2101001,LMA1634,2644.953
2101002,LMA1634,1393.793
2101003,LMA1634,1757.956
21011,LMA1686,568.991
21013,LMA1628,2178.589
21014,LMA1628,1268.257
21017_AM,LMA1686,342.299
21018_AM,LMA1686,506.95
2102101,LMA1661,1954.853
2102102,LMA1652,2340.467
21023_AM,LMA1686,537.439
21025,LMA1686,941.778
21029_AM,LMA1686,611.35
21032_AM,LMA1628,247.996
2103501,LMA1652,604.828
2103502,LMA1652,1539.217
21040_AM,LMA1628,435.133
2104101,LMA1652,4877.616
2104102,LMA1652,4209.817
2104103,LMA1652,3750.105
2104104,LMA1652,3883.152
2104105,LMA1652,4493
2104106,LMA1652,2550.326
2104107,LMA1652,7621.209
2104108,LMA1652,4537.791
21042,LMA1634,5275.587
21043_AM,LMA1686,685.311
2104401,LMA1661,3767.156
2104402,LMA1661,2423.387
2104403,LMA1661,1986.51
21046,LMA1652,532.796
21049,LMA1686,238.098
2105001,LMA1652,1414.897
2105002,LMA1652,1421.257
2105003,LMA1652,3324.556
21052_AM,LMA1686,632.796
21053_AM,LMA1628,481.095
21054,LMA1628,1972.685
21055,LMA1652,1780.65
21056,LMA1628,272.178
21058_AM,LMA1661,716.265
21060,LMA1652,3513.521
2106101,LMA1628,751.777
2106102,LMA1628,500.357
21063,LMA1652,326.059
2106401,LMA1652,913.98
2106402,LMA1652,1236.846
21069_AM,LMA1686,538.512
2107001,LMA1652,854.142
2107002,LMA1652,442.395
2107201,LMA1686,726.462
2107202,LMA1686,1164.436
2107203,LMA1686,1198.963
21073,LMA1634,329.568
21074_AM,LMA1628,347.17
21076_AM,LMA1661,586.127
21078,LMA1686,332.513
22017_AM,LMA1715,622.167
22021_AM,LMA1707,644.361
22025_AM,LMA1715,654.349
22039_AM,LMA1707,1355.966
22048,LMA1695,4989.559
22053_AM,LMA1715,739.909
22054_AM,LMA1695,768.642
22059_AM,LMA1713,712.783
22060_AM,LMA1715,994.619
22061,LMA1715,2919.701
22084_AM,LMA1695,650.465
22112_AM,LMA1702,5198.873
22116_AM,LMA1707,804.642
22117_AM,LMA1695,802.309
2212501,LMA1707,1171.069
2212502,LMA1707,2945.331
2212503,LMA1707,5606.147
2212504,LMA1707,2106.368
2212505,LMA1707,1369.158
2212506,LMA1707,1362.273
2212507,LMA1707,2765.311
2212508,LMA1707,1355.418
22130,LMA1713,3820.391
22137_AM,LMA1695,962.58
22158,LMA1715,5203.682
22199,LMA1713,2600.454
22213_AM,LMA1707,754.746
22225,LMA1715,567.573
22228_AM,LMA1707,1122.918
22254_AM,LMA1702,915.574
22901_AM,LMA1713,623.72
22907_AM,LMA1695,807.501
2300201,LMA1727,660.154
2300202,LMA1727,531.286
2300203,LMA1727,629.713
2300204,LMA1727,1125.329
2300205,LMA1727,845.484
23003,LMA1727,1457.17
23005,LMA1729,8938.108
23006,LMA1729,798.664
23007_AM,LMA1729,316.411
23009,LMA1795,3086.372
2301001,LMA1766,743.613
2301002,LMA1766,821.954
2301003,LMA1766,1502.478
23011_AM,LMA1766,267.869
23012_AM,LMA1800,501.581
23014,LMA1795,251.893
23015_AM,LMA1758,239.447
23018,LMA1758,136.403
23019_AM,LMA1727,165.323
2302401,LMA1795,203.649
2302402,LMA1795,81.754
2302403,LMA1795,450.803
23025,LMA1800,209.883
23026,LMA1727,541.467
23028,LMA1800,678.477
23034,LMA1776,179.162
23038,LMA1758,1224.502
23039,LMA1766,388.466
23040_AM,LMA1729,300.72
23044_AM,LMA1758,292.973
23045_AM,LMA1795,19.067
23046_AM,LMA1795,278.576
2305001,LMA1758,1916.583
2305002,LMA1758,1913.447
2305003,LMA1758,4515.952
2305004,LMA1758,6446.59
2305005,LMA1758,6811.292
2305006,LMA1758,1672.6
2305007,LMA1758,922.872
2305008,LMA1758,965.902
2305009,LMA1758,1274.011
23051,LMA1776,454.803
23053,LMA1795,735.287
2305501_AD,LMA1766,3967.649
2305503_AD,LMA1766,3601.322
2305504,LMA1766,3463.845
2305505,LMA1766,2075.378
2305506,LMA1766,1974.879
2305507,LMA1766,1704.348
23056,LMA1729,233.814
23058,LMA1758,2796.871
2305901,LMA1729,495.948
2305902,LMA1729,697.747
23060,LMA1776,9741.932
23061_AM,LMA1766,2164.452
23062_AM,LMA1800,125.491
23063_AM,LMA1795,327.09
23066,LMA1795,326.08
23067,LMA1758,208.095
23069_AM,LMA1729,571.961
23070,LMA1441,29.065
23072_AM,LMA1800,799.845
23073_AM,LMA1795,664.529
23074_AM,LMA1795,844.766
23075,LMA1795,445.842
23079_AM,LMA1800,198.03
23080_AM,LMA1800,715.677
23082_AM,LMA1800,643.846
23086_AM,LMA1776,2355.256
23087,LMA1776,2847.935
23088,LMA1795,1513.975
23090_AM,LMA1758,385.314
23092,LMA1795,9110.91
23093_AM,LMA1727,643.305
23094_AM,LMA1795,430.111
23095,LMA1800,1759.146
23096,LMA1729,200.549
23097_AM,LMA1800,1763.129
23099,LMA1758,1210.825
23902,LMA1758,191.393
23903_AM,LMA1766,391.37
23904,LMA1800,222.931
24008,LMA1805,2150.212
24010,LMA1806,2265.102
24014,LMA1836,1652.25
24015_AM,LMA1827,727.665
24021_AM,LMA2535,715.966
24030,LMA1836,705.071
24034,LMA1836,840.481
24038_AM,LMA1836,1513.752
24039_AM,LMA1827,822.065
24056_AM,LMA2535,397.058
24059_AM,LMA1836,402.025
24061_AM,LMA1827,803.613
24064_AM,LMA1836,662.06
24065,LMA1827,492.383
24070_AM,LMA1836,544.812
24083_AM,LMA1836,470.411
24088_AM,LMA1806,758.23
2408901,LMA1827,1373.163
2408902,LMA1827,2190.389
2408903,LMA1827,6413.277
2408904,LMA1827,3902.561
2408905,LMA1827,3014.727
2408906,LMA1827,5135.004
2408907,LMA1827,3937.259
2408908,LMA1827,774.358
2408909,LMA1827,955.997
2408910,LMA1827,2133.072
24092_AM,LMA1827,382.102
24094_AM,LMA1827,676.729
24114,LMA1827,162.88
2411501,LMA1836,4932.681
2411502,LMA1836,6742.582
2411503_AD,LMA1836,4302.068
2411505,LMA1836,2900.325
24122_AM,LMA1836,956.249
24134,LMA1827,405.925
24139_AM,LMA1827,401.785
2414201,LMA1827,2024.016
2414202,LMA1827,4796.67
2414203,LMA1827,624.329
24148_AM,LMA1805,1416.195
24154_AM,LMA1806,768.917
24157_AM,LMA1806,546.796
24160_AM,LMA1827,550.487
24162_AM,LMA1827,851.405
24163,LMA1827,1208.268
24166_AM,LMA1806,635.238
24169_AM,LMA1836,600.087
24170_AM,LMA1836,1232.287
24175_AM,LMA1827,1253.554
24181_AM,LMA1827,574.864
24183_AM,LMA2535,284.054
24188,LMA1827,1306.944
24189,LMA1827,1746.166
24196_AM,LMA1836,768.295
24202,LMA1836,1147.356
24209,LMA1836,462.717
24212_AM,LMA1827,690.187
2422201,LMA1827,3411.464
2422202,LMA1827,2598.607
24223,LMA1806,426.873
25003,LMA1919,775.09
25007_AM,LMA1901,1966.689
25008_AM,LMA1901,1016.013
25011,LMA1901,2992.877
25012,LMA1901,883.609
25013,LMA1901,447.629
25016_AM,LMA1901,880.585
2501901,LMA1715,871.617
2501902,LMA1715,860.713
25021,LMA1901,568.489
25023,LMA1901,1752.722
25025_AM,LMA1914,920.045
25029_AM,LMA1901,907.06
25033_AM,LMA1901,822.389
25034,LMA1919,750.448
25038_AM,LMA1901,1023.15
25040,LMA1901,5318.41
25047_AM,LMA1919,525.913
25048_AM,LMA1901,1405.943
25050,LMA1919,799.06
25051_AM,LMA1914,1006.444
25053_AM,LMA1901,895.662
25058,LMA1901,1374.298
25059_AM,LMA1914,581.753
25062_AM,LMA1919,904.042
25072,LMA1919,1297.526
25099_AM,LMA1919,1712.243
25110,LMA1919,617.632
25113_AM,LMA1919,1703.451
25119_AM,LMA1901,1263.987
2512001,LMA1901,7898.465
2512002,LMA1901,4875.107
2512003,LMA1901,2389.604
2512004,LMA1901,5968.784
2512005,LMA1901,2930.149
2512006,LMA1901,7497.345
2512007,LMA1901,5449.649
2512008,LMA1901,1937.842
2512009,LMA1901,1087.875
25122,LMA1919,746.49
25137,LMA1919,3050.653
25149_AM,LMA1908,828.989
25171_AM,LMA1908,1849.225
25172,LMA1919,357.579
25173_AM,LMA1908,752.482
25189,LMA1901,1060.65
25192_AM,LMA1919,1376.953
25193_AM,LMA1914,604.47
25203,LMA1914,2285.771
25204_AM,LMA1702,799.35
2520701,LMA1919,1356.829
2520702,LMA1919,832.23
25209_AM,LMA1914,894.743
2521701,LMA1919,1126.772
2521702,LMA1919,2072.471
2521703,LMA1919,1063.094
2521704,LMA1919,586.229
25223_AM,LMA1919,1303.501
25228,LMA1901,1341.908
25232_AM,LMA1901,1000.89
25234,LMA1908,910.911
25240_AM,LMA1901,1406.547
25243,LMA1914,1364.133
25907_AM,LMA1919,572.417
26002_AM,LMA1951,1134.455
26005,LMA1951,807.639
26006,LMA1951,544.128
26008,LMA2397,514.831
2601101,LMA2404,875.841
2601102,LMA2404,1051.832
2601801,LMA1937,1715.371
2601802,LMA1937,4120.465
26021_AM,LMA1937,1072.085
26026_AM,LMA1951,799.316
26036,LMA2397,5911.677
26042_AM,LMA1951,990.288
26047_AM,LMA1937,529.708
26059_AM,LMA1951,928.449
26061_AM,LMA1951,402.013
26064,LMA1951,523.12
26071_AM,LMA1951,1967.465
26084,LMA1951,3594.113
2608901,LMA1951,1101.223
2608902,LMA1951,12753.289
2608903,LMA1951,5666.075
2608904,LMA1951,16666.037
2608905,LMA1951,5128.623
2608906,LMA1951,934.67
26099_AM,LMA1951,531.393
26102,LMA1951,1857.171
26105_AM,LMA1951,697.371
26117_AM,LMA1937,1249.486
26125,LMA2397,784.071
26129_AM,LMA1951,1140.534
2613801,LMA1951,409.779
2613802,LMA1951,574.277
26168,LMA1951,2522.408
27005,LMA1974,726.483
27006,LMA2001,517.907
27007_AM,LMA1985,755.932
27010,LMA1998,1157.746
27011,LMA1998,653.976
27012_AM,LMA2001,546.358
27013,LMA1974,721.205
27014_AM,LMA2001,1098.569
27015,LMA1998,1068.869
27016,LMA1989,1243.827
27018_AM,LMA2465,494.475
27019,LMA1974,2376.101
27020,LMA1985,634.694
27021_AM,LMA2006,1018.801
27022,LMA1998,1031.138
27023,LMA2001,423.258
27024_AM,LMA2001,583.655
27025,LMA2006,932.71
27026,LMA2001,554.636
27027_AM,LMA1974,762.022
2702802,LMA1985,7796.511
2702803_AD,LMA1985,4158.89
2702804_AD,LMA1985,5901.253
2702805,LMA1985,6952.753
2702807_AD,LMA1985,1660.766
27030,LMA1974,740.387
27031,LMA1989,5992.007
27032,LMA2624,544.007
27039,LMA1985,1103.852
27040_AM,LMA2624,921.093
27041_AM,LMA1989,1390.434
27042_AM,LMA2001,763.93
27044_AM,LMA1998,1289.037
27046_AM,LMA1998,660.187
27047_AM,LMA1989,422.332
27048_AM,LMA1998,1041.041
27050,LMA1989,310.171
27051,LMA1974,1999.569
27057,LMA2001,3960.614
27058_AM,LMA1989,1037.496
27060,LMA1989,558.951
27063_AM,LMA1974,695.204
27065,LMA1998,3790.495
27066,LMA2006,3437.089
27902,LMA1974,2244.344
28002,LMA2108,1093.165
28004,LMA3271,1898.721
2800501,LMA2108,6568.271
2800502,LMA2108,13311.467
2800503,LMA2108,8160.984
2800504,LMA2108,11497.681
2800505,LMA2108,10344.657
28006,LMA2108,29153.252
2800701,LMA2108,7706.432
2800702,LMA2108,10219.337
2800703,LMA2108,6251.694
2800704,LMA2108,14440.255
28008,LMA3271,377.502
28009,LMA2108,4582.891
28010,LMA2108,3811.116
28012_AM,LMA1321,1148.467
2801301,LMA2026,3307.336
2801302,LMA2026,3383.316
2801303,LMA2026,3807.617
2801304,LMA2026,2582.077
28014,LMA2108,14002.532
28015,LMA2108,8757.513
28018,LMA2108,1273.406
28019_AM,LMA1321,373.984
28022,LMA2108,17177.187
28023,LMA2108,1842.427
28026,LMA2108,2599.368
28027_AM,LMA2108,1054.542
28028,LMA2108,395.409
28030,LMA2108,448.339
28031,LMA276,301.226
28032_AM,LMA2108,1789.706
28033,LMA2108,1053.469
28036,LMA3271,1018.157
28037_AM,LMA276,234.166
28038,LMA2108,1966.506
2804001,LMA2026,959.891
2804002,LMA2026,3177.547
2804003,LMA2026,1043.03
28041,LMA2108,2204.272
28042_AM,LMA2108,424.355
2804301,LMA2026,681.548
2804302,LMA2026,1038.961
28044,LMA2108,1902.507
28045,LMA2108,14163.158
28046,LMA2108,1561.736
28047,LMA2108,17796.343
2804901,LMA2108,7743.593
2804902,LMA2108,7185.26
2804903,LMA2108,3297.574
2804904,LMA2108,916.506
28050,LMA3271,1578.265
28052,LMA2026,970.449
28053,LMA2108,2488.836
2805401,LMA2108,2654.742
2805402,LMA2108,2137.042
28057_AM,LMA2108,637.453
2805801,LMA2108,1952.204
2805802,LMA2108,4702.517
2805803,LMA2108,3883.294
2805804,LMA2108,6551.306
2805805,LMA2108,2467.86
2805806,LMA2108,8237.99
2805807,LMA2108,7046.781
2805808,LMA2108,5577.124
2805809,LMA2108,6905.868
28059,LMA2108,1217.163
28060_AM,LMA1321,1157.467
28061,LMA2108,8391.32900000001
2806501,LMA2108,5154.09
2806502,LMA2108,6980.619
2806503,LMA2108,16807.792
2806504,LMA2108,11383.014
28066,LMA3271,2606.204
28067_AM,LMA2108,1146.395
28068,LMA2108,3837.407
28072,LMA2108,1855.678
28073,LMA2108,5342.162
2807401,LMA2108,7132.697
2807402,LMA2108,4336.952
2807403,LMA2108,8272.76300000001
2807404,LMA2108,8299.005
2807405,LMA2108,8247.242
2807406,LMA2108,3419.406
2807407,LMA2108,3892.6
28075,LMA2108,2346.37
2807901,LMA2108,24475.575
2807902,LMA2108,32422.13
2807903,LMA2108,24017.931
2807904,LMA2108,29254.484
2807905,LMA2108,31087.937
2807906,LMA2108,33718.329
2807907,LMA2108,25762.433
2807908,LMA2108,59515.176
2807909,LMA2108,24567.854
2807910,LMA2108,48285.335
2807911,LMA2108,54258.641
2807912,LMA2108,30523.908
2807913,LMA2108,49734.34
2807914,LMA2108,20843.511
2807915,LMA2108,47408.052
2807916,LMA2108,48030.218
2807917,LMA2108,33420.365
2807918,LMA2108,28530.27
2807919,LMA2108,19903.024
2807920,LMA2108,36696.027
2807921,LMA2108,11216.619
2808001,LMA2108,7740.826
2808002,LMA2108,10889.68
28082,LMA2108,1931.667
28083,LMA1539,3305.238
28084,LMA2108,6580.334
28085,LMA2108,1808.367
28086,LMA2108,2572.792
28087,LMA2108,1442.637
28089,LMA2108,1424.791
28090,LMA2108,2806.749
2809101,LMA2108,554.522
2809102,LMA2108,693.795
2809201,LMA2108,8518.988
2809202,LMA2108,11866.843
2809203,LMA2108,9272.578
2809204,LMA2108,19278.586
28093,LMA2108,545.928
28095,LMA2108,441.991
28096,LMA2108,7556.13099999999
28099_AM,LMA2108,840.458
28100,LMA1321,1198.733
28104,LMA2108,6206.758
28106,LMA2108,33216.193
28108,LMA2108,1718.908
28109,LMA2108,597.818
28110,LMA1321,415.44
2811301,LMA2108,7516.243
2811302,LMA2108,8401.956
2811501,LMA2108,12057.737
2811502,LMA2108,9526.835
28119,LMA2108,825.068
28123,LMA2108,28307.632
28125,LMA2108,533.498
28127,LMA2108,24652.54
28129,LMA2108,3108.156
28130,LMA2108,10385.724
2813101,LMA2108,3875.241
2813102,LMA2108,1059.85
28132,LMA2108,3476.742
28133,LMA276,2013.264
28134,LMA2108,23473.11
28137,LMA1539,483.787
28140_AM,LMA3271,1457.188
28141,LMA2108,1755.702
28144,LMA2108,1501.952
28145,LMA2108,880.936
28146,LMA1321,366.935
2814801,LMA2108,9367.70399999999
2814802,LMA2108,14269.287
2814803,LMA2108,3919.612
2814804,LMA2108,6147.542
28149,LMA3271,2296.7
28150,LMA3271,1105.446
28151_AM,LMA2108,723.644
28152,LMA2108,5867.908
28154,LMA2108,1409.328
28160,LMA2108,2993.016
2816101,LMA2108,13905.827
2816102,LMA2108,9067.66
28162,LMA2108,958.187
28164,LMA2108,971.751
28165,LMA1321,449.58
28167,LMA2108,3091.755
28168_AM,LMA2108,655.685
28169_AM,LMA2108,901.085
28170_AM,LMA2026,823.566
28171,LMA3271,815.281
28172,LMA2108,4065.383
28174,LMA2108,382.662
28176,LMA2108,5189.558
28177,LMA2108,3523.983
28178_AM,LMA2108,592.948
28179_AM,LMA1321,957.424
28180,LMA1321,1326.515
28181,LMA2108,6680.68
28183_AM,LMA2108,867.856
28901_AM,LMA2108,1167.554
28903,LMA2108,14145.846
29001,LMA2203,1132.12
29002_AM,LMA2272,1244.899
29005,LMA2272,1291.372
29007,LMA2245,11981.684
2900801,LMA2220,3058.602
2900802,LMA2220,1377.583
2900803,LMA2220,2569.401
29009_AM,LMA2272,702.805
29011,LMA2220,884.073
29012,LMA2220,2155.5
29015_AM,LMA2203,15077.776
29017,LMA2203,1399.13
29018_AM,LMA2220,320.18
29020_AM,LMA2264,1201.25
29023,LMA2228,2261.846
2902501,LMA2209,3036.196
2902502,LMA2209,8962.738
2902503,LMA2209,6888.456
29027_AM,LMA2272,1297.808
29028_AM,LMA2264,780.916
29031_AM,LMA2264,305.448
29032,LMA2203,1342.472
2903801,LMA2220,2815.906
2903802,LMA2245,4698.22
29039,LMA2245,593.599
29040,LMA2220,598.294
29041,LMA2228,1744.508
2904201,LMA2220,998.209
2904202,LMA2220,1482.174
2904203,LMA2220,2069.49
2904204,LMA2220,2909.952
29043,LMA2272,592.619
29045,LMA2272,287.547
29046,LMA2228,144.516
29049_AM,LMA1176,270.926
2905101,LMA2228,9427.059
2905102,LMA2228,6012.337
2905103,LMA2228,6391.846
29053,LMA2257,788.396
2905401,LMA2254,10268.231
2905402,LMA2254,2876.495
2905403,LMA2254,5095.979
29055,LMA2203,231.791
29056_AM,LMA2228,1086.042
29059,LMA2203,378.567
2906701,LMA2245,846.845
2906702,LMA2245,14899.67
2906703,LMA2245,671.986
2906704,LMA2245,2682.703
2906705,LMA2245,786.411000000001
2906706,LMA2245,14732.901
2906707,LMA2245,28805.343
2906708,LMA2245,30074.701
2906709,LMA2245,17315.551
2906710,LMA2245,20484.526
2906711,LMA2245,4379.729
29068,LMA2228,3181.479
2906901,LMA2250,17491.551
2906902,LMA2250,8874.633
2906903,LMA2250,7254.487
2906904,LMA2250,5306.3
29070,LMA2254,23837.21
29072,LMA2203,719.055
29073_AM,LMA2220,774.695
29075,LMA2257,5030.187
29076_AM,LMA2250,921.073
29079,LMA2272,303.141
2908001,LMA2220,983.28
2908002,LMA2220,736.307
29082_AM,LMA2245,12590.936
29083_AM,LMA2272,515.789
29084,LMA2264,9889.129
29086_AM,LMA2272,1438.998
29088,LMA2970,232.583
29089_AM,LMA2203,394.452
29090_AM,LMA2220,333.015
2909101,LMA2257,831.106
2909102,LMA2257,2157.359
2909103,LMA2257,1398.201
2909401,LMA2272,9988.766
2909402_AD,LMA2272,2507.839
2909403,LMA2272,7770.203
2909404,LMA2272,3793.884
29095_AM,LMA2203,408.228
29096,LMA2203,339.861
29097,LMA2203,848.926
29100,LMA2220,283.182
29901,LMA2209,16569.355
29902,LMA2203,439.368
3000101,LMA2317,577.937
3000102,LMA2317,431.339
30002,LMA2308,3497.565
30003,LMA2285,10079.736
30005,LMA2323,12563.33
30007,LMA2317,2968.448
30008,LMA2335,7028.302
30009,LMA2317,4771.443
30010,LMA2323,3311.623
30011,LMA2308,1607.129
30012,LMA2295,3971.916
30013,LMA2293,2577.125
30014_AM,LMA2295,818.442
30015,LMA2295,6028.823
3001601,LMA2298,1013.873
3001602,LMA2298,3281.492
3001603,LMA2298,8938.831
3001604,LMA2298,1654.384
3001605,LMA2298,2975.321
3001606,LMA2298,4602.261
3001607,LMA2298,4844.874
3001608,LMA2298,14669.584
3001609,LMA2298,2226.9
3001610,LMA2298,13740.719
30017,LMA2295,4475.917
30018,LMA2317,4109.649
30019,LMA2308,10884.15
30020,LMA2317,1662.991
30021,LMA2298,4799.361
30022,LMA2311,8005.357
30023,LMA2335,1301.266
3002401,LMA2313,23014.727
3002402,LMA2313,11648.789
30025,LMA2317,2142.543
30026,LMA2316,9690.179
30027,LMA2317,22251.304
30028,LMA2293,1495.883
30029,LMA2295,2923.103
3003001,LMA2323,14494.625
3003002,LMA2323,11243.541
3003003,LMA2323,13639.086
3003004,LMA2323,28857.256
3003005,LMA2323,19998.718
3003006,LMA2323,14099.421
3003007,LMA2323,13929.272
3003008,LMA2330,2537.153
30032,LMA2295,830.094
30033,LMA2313,5177.138
30035,LMA2330,8832.987
30036,LMA2330,7744.616
3003701,LMA2298,6749.997
3003702,LMA2330,3044.458
30038,LMA2317,7509.61
30039_AM,LMA2335,9172.048
30041,LMA2298,4816.928
30042_AM,LMA2317,1601.264
30043,LMA2338,16809.189
30901,LMA2323,4575.426
30902,LMA2330,3553.743
31010_AM,LMA2391,1988.794
31015,LMA2397,621.359
31016,LMA2391,2155.423
31019_AM,LMA2391,904.563
31023,LMA2391,3460.859
31029_AM,LMA2367,455.638
31036_AM,LMA2367,1007.29
31038_AM,LMA2391,1079.314
31041_AM,LMA2367,1875.883
31042_AM,LMA2397,1468.463
31050_AM,LMA2377,1367.166
3106001,LMA2391,1868.145
3106002,LMA2391,2955.334
31065,LMA2397,329.629
31067_AM,LMA2397,471.232
31068_AM,LMA2404,1148.036
31070,LMA2404,489.451
31072_AM,LMA2404,2282.602
31076_AM,LMA2391,2036.965
3107701,LMA2404,896.388
3107702,LMA2404,764.416
31078_AM,LMA2404,710.353
31084_AM,LMA2391,1110.146
31086,LMA2391,7938.753
31088,LMA2391,2111.692
31092_AM,LMA2391,678.309
31097,LMA2367,4068.001
31098,LMA2391,923.463
31101_AM,LMA2391,812.082
31104_AM,LMA2397,476.713
31108_AM,LMA2404,1680.572
31122,LMA2391,2196.503
31138_AM,LMA2391,980.39
31142_AM,LMA2391,966.902
31149_AM,LMA2377,574.575
31152_AM,LMA2397,547.527
31153_AM,LMA2377,1099.806
31157_AM,LMA2397,793.729
31159_AM,LMA2391,590.041
31163,LMA2397,820.439
31165_AM,LMA2397,450.952
31169,LMA2397,434.276
31176,LMA2404,1251.356
31191_AM,LMA2391,1624.535
3120101,LMA2391,2792.691
3120102,LMA2391,4263.465
3120103,LMA2391,8268.815
3120104,LMA2391,7480.237
3120105,LMA2391,5776.902
3120106,LMA2391,4226.352
3120107,LMA2391,12938.959
3120108,LMA2391,4720.499
3120201,LMA2397,771.775
3120202,LMA2397,868.544
31206_AM,LMA2391,514.793
31208_AM,LMA2404,1210.858
3121501,LMA2397,1093.75
3121502,LMA2397,918.87
31216,LMA2391,269.631
31221_AM,LMA2377,619.372
3122701,LMA2391,560.788
3122702,LMA2391,773.345
3123201,LMA2404,958.777
3123202,LMA2404,3838.085
3123203,LMA2404,2801.739
3123204,LMA2404,2282.204
31249_AM,LMA2404,1135.334
31250,LMA2377,895.007
31251_AM,LMA1951,666.284
31254,LMA2397,321.446
31258,LMA2391,2123.859
31260_AM,LMA2367,243.796
31901,LMA2391,5336.367
31902,LMA2391,2275.154
31903,LMA2391,3231.209
31904_AM,LMA2391,1231.159
31906_AM,LMA2391,1983.636
31907,LMA2391,4689.008
31908_AM,LMA2391,931.495
32001_AM,LMA2445,1493.005
32004_AM,LMA2450,987.645
32007_AM,LMA2445,975.698
32008,LMA2445,2491.525
32009,LMA2424,4622.55
32013_AM,LMA2450,1322.637
32017_AM,LMA2424,1287.502
32019,LMA2450,2069.541
32020_AM,LMA2450,1113.347
32024,LMA2455,1239.018
32025_AM,LMA2450,752.656
32026_AM,LMA2445,1375.243
32031_AM,LMA2445,743.641
32032,LMA2455,2733.277
32034_AM,LMA2455,187.401
32042_AM,LMA2455,557.189
32043,LMA2445,470
32045,LMA2450,646.963
32050,LMA2455,431.893
32051_AM,LMA2455,819.725
32053_AM,LMA2455,904.669
3205401,LMA2445,4523.858
3205402,LMA2445,3905.407
3205403,LMA2445,6268.269
3205404,LMA2445,4008.192
3205405,LMA2445,6963.458
32056_AM,LMA2450,844.783
32058_AM,LMA2445,2509.061
32063_AM,LMA2424,557.647
32067_AM,LMA2455,1189.957
32069,LMA2450,1066.087
32072,LMA2424,682.88
32075_AM,LMA2445,1664.984
32076_AM,LMA2445,1244.171
32081_AM,LMA2450,861.065
32085,LMA2455,3820.477
32086,LMA2424,319.411
32088_AM,LMA2424,922.992
32091_AM,LMA2455,1042.225
33001_AM,LMA2465,475.644
33002,LMA2493,1231.677
33004,LMA2461,16872.108
33006_AM,LMA2526,798.837
33007_AM,LMA2496,556.254
33008_AM,LMA2492,943.116
33011,LMA2465,3524.82
33012,LMA2492,1092.264
33014,LMA2461,2393.005
33015_AM,LMA2492,303.908
33016,LMA2461,4744.93
33017,LMA1974,687.928
33018,LMA2496,1045.859
33019_AM,LMA2526,600.644
33020_AM,LMA2461,4173.996
33021,LMA2461,819.636
33023,LMA2496,1092.3
3302401,LMA2482,6639.548
3302402,LMA2482,618.081
3302403,LMA2482,6550.913
3302404,LMA2482,3584.233
3302405,LMA2482,7801.422
3302406,LMA2482,8008.718
3302407,LMA2482,14090.515
3302408,LMA2482,6501.079
3302409,LMA2482,7192.325
33025,LMA2461,1913.435
33026_AM,LMA2465,1579.753
33031,LMA2507,6252.322
33032,LMA2507,2768.051
33033,LMA2493,1342.522
33034,LMA2496,2327.835
33035,LMA2507,3346.377
33036,LMA2492,3020.392
33037,LMA2493,6332.84
33038,LMA2507,386.796
33040,LMA2526,729.399
33041,LMA2496,2119.668
33042,LMA2507,842.895
3304401,LMA2507,1530.942
3304402,LMA2507,2384.525
3304403,LMA2507,4140.419
3304404,LMA2507,4672
3304405,LMA2507,3848.65
3304406,LMA2507,8335.939
3304407,LMA2507,1930.513
3304408,LMA2507,4640.491
3304409,LMA2507,5048.69
3304410,LMA2507,4521.283
3304411,LMA2507,1211.578
3304412,LMA2507,4588.041
3304414_AD,LMA2507,1152.344
3304415,LMA2507,555.786
3304416,LMA2507,1063.929
33045,LMA2492,1007.938
33049,LMA2526,1265.001
33051_AM,LMA2461,2211.642
33056,LMA2492,794.226
33057_AM,LMA2507,535.429
33059,LMA2465,732.776
33060,LMA2507,3630.474
33066,LMA2507,11929.543
33069_AM,LMA2461,1167.772
33070,LMA2496,788.607
33072_AM,LMA2465,626.719
33073,LMA2465,1685.014
33074_AM,LMA1974,614.45
33076,LMA2526,4870.343
34004_AM,LMA2839,443.254
34017_AM,LMA2541,569.692
34022_AM,LMA2541,349.813
34023,LMA2541,1317.162
34047_AM,LMA2535,535.819
34056_AM,LMA2839,633.1
34069_AM,LMA2541,719.827
34079_AM,LMA2541,2081.82
34080,LMA2535,1301.916
34083_AM,LMA2535,729.288
3412001,LMA2541,1015.077
3412002,LMA2541,1504.184
3412003,LMA2541,1067.766
3412004,LMA2541,2689.219
3412005,LMA2541,6124.67
3412006,LMA2541,3758.439
3412007,LMA2541,6643.094
34123_AM,LMA2541,476.471
34157,LMA2535,179.328
34171_AM,LMA2535,597.006
34218_AM,LMA2535,294.929
34225,LMA2541,1913.878
34232_AM,LMA2541,535.28
35001,LMA2583,1259.722
35002,LMA2551,7331.791
35003_AM,LMA2571,3303.659
3500401,LMA2554,5279.892
3500402,LMA2554,10898.593
35006,LMA2567,9417.054
35008,LMA2567,1642.975
35009,LMA2583,4806.98
35010,LMA2554,844.674
3501101,LMA2551,2159.308
3501102,LMA2551,1624.398
3501103,LMA2551,3586.96
35012,LMA2551,3590.678
35013,LMA2567,1803.373
35014,LMA2564,5856.76
35015,LMA2565,3645.449
3501601,LMA2567,12027.742
3501602,LMA2567,17192.777
3501603,LMA2567,12611.32
3501604,LMA2567,24155.866
3501605,LMA2567,12203.892
3501701,LMA2571,9536.961
3501702,LMA2571,1288.786
3501703,LMA2571,1253.672
3501801,LMA2554,3187.41
3501802,LMA2554,2570.345
3501902,LMA2551,1271.392
3501903,LMA2551,6762.391
3501904_AD,LMA2551,2752.194
35020,LMA2551,375.811
35021,LMA2567,4111.953
3502202_AD,LMA2551,2274.631
3502203,LMA2551,12471.051
35023,LMA2583,3732.139
35024,LMA2554,6240.135
35025_AM,LMA2567,500.7
3502601,LMA2551,1053.837
3502602,LMA2551,3656.92
3502603,LMA2567,7055.75
3502604,LMA2551,1614.257
3502605,LMA2551,4402.128
3502606,LMA2551,6777.941
35027,LMA2567,2695.396
35028,LMA2554,4997.37
35029,LMA2554,1258.579
35030,LMA2565,2763.814
35031,LMA2551,1593.737
35032,LMA2567,715.81
35033,LMA2567,1524.654
35034,LMA2554,4380.269
36001,LMA2450,471.502
36002,LMA2645,801.482
3600301,LMA2682,1240.071
3600302,LMA2682,1376.17
36004,LMA2645,2906.951
36005,LMA2645,2452.974
3600601,LMA1271,822.584
3600602,LMA1271,1502.099
3600603,LMA1271,1135.557
3600801,LMA2682,1451.98
3600802,LMA2682,3344.272
3600803,LMA2682,1280.12
36009_AM,LMA2450,1141.327
36010,LMA1279,865.818
36013_AM,LMA2450,726.347
36015,LMA2624,1110.292
36017,LMA2624,4385.012
36018_AM,LMA2645,1332.293
3602101,LMA2682,2168.262
3602102,LMA2682,780.778
3602103,LMA2682,1169.039
3602201,LMA1271,2043.198
3602202,LMA1271,1092.481
36023,LMA2682,2644.062
36024,LMA2624,5134.133
3602601,LMA2645,3977.259
3602602,LMA2645,823.901
3602603,LMA2645,1242.433
36027,LMA2645,1304.844
36028,LMA2645,1551.35
3602901,LMA2682,2288.616
3602902,LMA2682,1192.17
3602903,LMA2682,1569.078
36030_AM,LMA2682,1085.142
36032,LMA2645,866.51
3603301,LMA2682,736.573
3603302,LMA2682,1441.246
3603303,LMA2682,1960.084
36034,LMA2682,759.693
3603501,LMA2682,1769.826
3603502,LMA2682,1802.292
3603503,LMA2682,1408.907
36036,LMA2682,705.647
36037,LMA2645,1180.808
3603801,LMA2645,4045.821
3603802,LMA2645,11291.419
3603803,LMA2645,1469.337
3603804_AD,LMA2645,3954.682
3603805_AD,LMA2645,2102.821
3603901,LMA2682,4106.596
3603902,LMA2682,1395.563
3603903,LMA2682,1017.827
36040,LMA2645,848.981
3604101,LMA2645,4079.862
3604102,LMA2645,1207.225
36042,LMA2682,5312.716
36043,LMA2645,1298.639
36044,LMA1279,745.367
3604501,LMA2682,2718.234
3604502,LMA2682,2685.559
3604503,LMA2645,1312.479
3604504,LMA2682,1235.637
36046,LMA2645,1632.289
36047_AM,LMA2624,1123.612
36048,LMA2682,2246.776
3604901,LMA2682,2048.387
3604902,LMA2682,784.23
36050,LMA2682,2222.458
3605101,LMA2645,2322.759
3605102,LMA2645,731.526
3605103,LMA2645,1092.448
36052,LMA2624,2993.965
36053,LMA2645,1709.241
3605401,LMA2682,1237.819
3605402,LMA2682,1171.921
3605403,LMA2682,727.938
3605404,LMA2682,834.987
36055,LMA2682,4501.072
36056,LMA1279,1733.997
3605701,LMA2682,4006.14
3605702,LMA2682,7077.837
3605703,LMA2682,8861.113
3605704,LMA2682,12027.152
3605705,LMA2682,4326.844
3605706,LMA2682,6653.593
3605707,LMA2682,14786.045
3605708,LMA2682,5824.353
3605709,LMA2682,7178.052
3605801,LMA2645,858.184
3605802,LMA2682,659.441
36059,LMA2624,1403.664
3606001,LMA2645,5478.457
3606002,LMA2645,665.368
3606003,LMA2645,968.401
3606004,LMA2645,2771.988
36061,LMA1271,2285.77
36901,LMA1271,843.314
36902_AM,LMA2645,1774.67
37008,LMA2725,970.86
37010_AM,LMA2709,547.311
37014_AM,LMA3661,151.642
37023_AM,LMA2725,1069.025
37046_AM,LMA880,2959.746
37067_AM,LMA2725,2045.915
37069_AM,LMA2725,1454.415
37073_AM,LMA2725,1210.416
37085,LMA2725,2280.263
37092,LMA2725,768.435
37103_AM,LMA2709,808.944
37107,LMA2709,2882.667
37117_AM,LMA2725,1283.278
37135_AM,LMA2709,372.123
37136_AM,LMA2709,214.496
37140_AM,LMA2709,207.186
37142_AM,LMA2725,775.908
37156,LMA2709,1068.043
37170_AM,LMA2725,619.617
37172_AM,LMA2709,527.612
37173_AM,LMA2709,202.357
37174_AM,LMA2725,428.144
37202_AM,LMA2725,803.084
3724601,LMA2725,543.825
3724602,LMA2725,436.658
3727401,LMA2725,2017.717
3727402,LMA2725,5519.891
3727403,LMA2725,7622.7
3727404,LMA2725,7552.867
3727405,LMA2725,5569.359
3727406,LMA2725,6399.296
37294,LMA2725,3083.779
37313_AM,LMA880,626.214
37322,LMA2725,606.208
37354,LMA2725,1639.82
37362,LMA2725,1805.98
37374_AM,LMA2725,478.951
37376_AM,LMA2725,278.565
38001,LMA2739,9480.867
38004,LMA2797,1913.831
38005,LMA2739,1773.911
38006,LMA2739,16999.647
38008,LMA2740,2096.861
38009,LMA2740,3155.479
38010,LMA2753,508.079
3801101,LMA2797,3784.541
3801102,LMA2797,1946.529
38012,LMA2797,671.176
38013_AM,LMA2740,597.406
38015,LMA2753,1321.676
38017,LMA2739,10630.225
38018,LMA2753,1522.872
38019,LMA2739,4972.448
38020,LMA2797,5301.579
38021_AM,LMA2739,61.485
3802201,LMA2753,2179.599
3802202,LMA2753,581.111
3802203,LMA2753,1077.558
3802204,LMA2753,1569.809
3802205,LMA2753,1177.333
3802301,LMA2797,10799.175
3802302,LMA2797,8984.135
3802303,LMA2797,10974.598
3802304,LMA2797,2373.133
3802305,LMA2797,3517.129
3802306,LMA2797,1463.894
3802401,LMA2814,3944.11
3802402,LMA2814,616.751
3802403,LMA2814,2894.841
38025,LMA2781,2412.95
3802601,LMA2781,1374.339
3802602,LMA2781,1370.169
3802603,LMA2781,2886.767
3802604,LMA2781,2113.315
3802605,LMA2781,2225.479
3802606,LMA2781,1494.674
38027,LMA2814,3115.05
3802801,LMA2781,1993.352
3802802,LMA2781,1437.867
3802803,LMA2781,1349.679
3802804,LMA2781,1806.277
38029_AM,LMA2814,1124.96
38030,LMA2740,832.01
3803101,LMA2781,4523.023
3803102,LMA2781,1535.792
3803103,LMA2781,2565.035
3803104,LMA2781,1898.873
3803105,LMA2781,948.122
3803106,LMA2781,891.688
38032,LMA2797,4544.798
38033,LMA2740,792.615
38034,LMA2781,1332.902
38035_AM,LMA2739,4697.81
38036_AM,LMA2739,944.591
3803701,LMA2740,1068.015
3803702,LMA2740,1403.139
3803703,LMA2740,2528.065
3803801,LMA2797,2747.626
3803802,LMA2797,1950.624
3803803,LMA2797,5453.791
3803804,LMA2797,2520.251
3803805,LMA2797,4263.305
3803806,LMA2797,6984.477
3803807_AD,LMA2797,1925.93
3803809,LMA2797,3694.06
3803810,LMA2797,3380.671
3803811,LMA2797,8179.678
3803812,LMA2797,5113.029
38039,LMA2781,3288.769
38040,LMA2739,1933.182
38041,LMA2797,2108.025
38042,LMA2753,620.936
38043,LMA2797,5814.293
38044,LMA2753,552.81
38045,LMA2814,1051.247
38046,LMA2797,3154.763
38047,LMA2814,600.355
38048,LMA2740,636.709
38049,LMA2739,166.137
38050,LMA2739,148.792
38051,LMA2781,1955.79
38053_AM,LMA2740,839.066
39001_AM,LMA2881,1285.141
39002,LMA2842,898.334
39006_AM,LMA2842,980.141
3900801,LMA2872,2611.992
3900802,LMA2872,1812.77
39009_AM,LMA2842,1500.47
3901201,LMA2881,1262.616
3901202,LMA2881,392.698
3901601,LMA2872,5001.83
3901602,LMA2872,1014.608
3901603,LMA2872,1166.147
39018,LMA2881,1715.223
39019_AM,LMA2872,1617.466
3902001,LMA3575,716.091
3902002,LMA3575,4942.088
3902003,LMA3575,1352.653
39023,LMA2842,2130.331
39025,LMA2881,2763.193
39026_AM,LMA2881,911.877
39027_AM,LMA2839,1729.497
39028,LMA2872,1422.542
39030_AM,LMA2842,599.614
39035,LMA2842,2661.568
39037_AM,LMA2872,865.221
39038_AM,LMA2842,617.815
39040,LMA2872,1473.088
39041_AM,LMA2881,1075.13
39042,LMA2872,1907.143
39043_AM,LMA2842,1480.617
39044,LMA2881,1407.568
39047,LMA2842,707.412
3905201,LMA2872,3120.083
3905202,LMA2872,3332.174
39054,LMA2881,1766.244
39055_AM,LMA2881,1550.017
39056_AM,LMA2881,1364.344
39057_AM,LMA2842,477.989
3905901,LMA2839,913.358
3905902,LMA2839,1237.736
3906001,LMA2881,728.177
3906002,LMA2881,1612.01
39061,LMA2872,1106.98
39062_AM,LMA2872,1179.161
39073,LMA2872,3374.85
39074,LMA2872,2513.608
3907501,LMA2872,1478.258
3907502,LMA2872,6201.596
3907503,LMA2872,3259.231
3907504,LMA2872,4446.206
3907505,LMA2872,2996.772
3907506,LMA2872,3243.089
3907507,LMA2872,6880.704
3907508,LMA2872,13607.229
39076,LMA2881,1431.258
39078_AM,LMA2842,985.272
3907901,LMA2842,1213.822
3907902,LMA2842,739.244
39080,LMA2881,760.11
39082_AM,LMA2842,919.091
3908501,LMA2881,1341.438
3908502,LMA2881,1076.119
3908701,LMA2881,3523.532
3908702,LMA2881,1894.203
3908703,LMA2881,3032.422
3908704,LMA2881,3129.85
3908705,LMA2881,718.81
39091_AM,LMA2881,801.358
39094_AM,LMA2839,267.97
39095,LMA2881,523.425
39099,LMA2872,1047.694
39102,LMA2842,750.736
40032_AM,LMA2910,523.225
40040_AM,LMA2910,825.449
40041_AM,LMA2910,425.741
40043,LMA2910,265.252
40057_AM,LMA3513,517.157
4006301,LMA2910,547.764
4006302,LMA2910,1165.498
40076,LMA2910,2348.024
40094_AM,LMA2910,505.728
40101_AM,LMA2910,923.728
40112_AM,LMA2910,1966.476
40138_AM,LMA2910,611.695
40141_AM,LMA2910,662.896
40145_AM,LMA2910,973.537
40155,LMA2910,1577.472
40170_AM,LMA2910,412.507
40181,LMA2910,925.205
4019401_AD,LMA2910,1381.51
4019403,LMA2910,1894.052
4019404,LMA2910,3391.382
4019405,LMA2910,2637.306
4019406,LMA2910,1743.06
4019407,LMA2910,1475.215
40225_AM,LMA2910,799.288
40906_AM,LMA2910,1787.616
41003,LMA3035,596.871
4100401,LMA3035,802.992
4100402,LMA3035,1956.974
4100403,LMA3035,3405.661
4100404,LMA3035,12171.866
41005,LMA3035,3509.374
41006,LMA2946,297.279
4100701,LMA3035,902.575
4100702,LMA3035,2105.77
41010,LMA3035,1383.875
4101101,LMA3001,973.553
4101102,LMA3001,786.238
4101103,LMA3001,1049.325
4101104,LMA3001,1102.597
41012,LMA3013,1310.87
41013,LMA3035,414.415
41014,LMA2970,178.973
4101501,LMA3013,477.158
4101502,LMA3035,845.361
4101601,LMA3035,1488.624
4101602,LMA3035,951.919
41017,LMA3035,6044.659
41018,LMA2946,2462.745
41019,LMA2946,993.292
4102001,LMA2982,1032.133
4102002,LMA2982,1971.618
41021,LMA3035,5555.39400000001
41022,LMA2967,775.4
4102301,LMA2946,693.239
4102302,LMA2946,1000.983
41024,LMA2946,6973.883
41025_AM,LMA3013,574.649
41026,LMA2970,890.592
41027,LMA307,650.879
41028,LMA3035,648.978
41029,LMA3035,4076.403
41032_AM,LMA307,682.94
41033_AM,LMA307,645.878
4103401,LMA3013,4021.507
4103402,LMA3013,612.388
4103403,LMA3013,2051.711
41036,LMA900,320.001
41037,LMA2970,334.479
4103801,LMA3035,3128.627
4103802,LMA3035,4454.293
4103803,LMA3035,5538.856
4103804,LMA3035,9555.561
4103805,LMA3035,11846.482
4103901,LMA2967,5285.478
4103902,LMA2967,1702.005
4103903,LMA2967,3208.709
4103904,LMA2967,2373.148
4103905,LMA2967,899.315
41040,LMA3035,3097.681
41041_AM,LMA2970,4246.901
41042,LMA2967,1056.058
41044,LMA3035,1941.2
4104501,LMA3035,296.358
4104502,LMA3035,625.311
41046_AM,LMA2970,429.077
41047,LMA3035,3724.433
41048_AM,LMA307,348.742
41049,LMA3035,2413.779
41050,LMA2970,892.775
41051,LMA3013,742.361
41052,LMA3004,171.449
4105301,LMA2982,3345.303
4105302,LMA2982,1244.149
4105303,LMA2982,1598.285
4105304,LMA2982,1488.399
4105501,LMA1162,717.377
4105502,LMA1162,1144.124
4105503,LMA1162,552.28
41056,LMA2967,508.306
4105801,LMA2946,1385.03
4105802,LMA2946,2515.027
4105803,LMA2946,2900.225
41059,LMA3035,11351.709
4106001,LMA3001,1096.051
4106002,LMA3001,441.828
4106003,LMA3001,1593.473
41061,LMA2970,411.972
41062,LMA2970,217.615
41063,LMA3048,621.167
41064,LMA900,215.139
41065_AM,LMA3001,7811.568
4106701,LMA3035,1293.228
4106702,LMA3035,816.768
41068,LMA3004,5777.52
4106901,LMA3048,2127.502
4106902,LMA3048,1791.138
4106903,LMA3048,3200.632
4106904,LMA3048,3299.881
41070,LMA3035,2188.72
41071,LMA3001,1674.747
41072,LMA2970,1982.962
41074,LMA1162,529.004
41075,LMA3013,3116.875
41076_AM,LMA950,389.726
4107701,LMA3001,581.496
4107702,LMA3001,1272.14
4107703,LMA3001,753.01
41078,LMA1162,543.993
41079,LMA3013,2260.691
41080_AM,LMA1686,600.527
4108101,LMA3035,2463.714
4108102,LMA3035,5229.313
41082,LMA2970,679.366
41084,LMA2970,228.236
41085,LMA3035,1011.405
41086,LMA3035,4969.308
4108701,LMA3035,758.083
4108702,LMA3035,890.502
41089,LMA3035,1088.469
41090,LMA950,277.586
4109101,LMA3035,9157.709
4109102,LMA3035,13797.614
4109103,LMA3035,10188.612
4109104,LMA3035,17656.999
4109105,LMA3035,14995.147
4109106,LMA3035,9138.174
4109107,LMA3035,15185.626
4109108,LMA3035,12740.216
4109109,LMA3035,24034.091
4109110,LMA3035,8869.737
4109111,LMA3035,4607.835
4109201,LMA2946,633.76
4109202,LMA2946,899.622
41093,LMA3035,5554.557
4109401,LMA3035,1138.922
4109402,LMA3035,726.172
4109501,LMA3048,3200.769
4109502,LMA3048,2067.033
4109503,LMA3048,3129.192
4109504,LMA3048,941.065
4109505,LMA3048,5503.788
41096,LMA3035,1689.423
41097,LMA3013,727.123
41098,LMA3035,960.002
41099,LMA2946,510.161
41101,LMA2946,632.176
41102,LMA2946,4529.52
41901,LMA2967,544.445
41902,LMA3013,951.631
41903,LMA2982,693.11
41904,LMA3048,286.352
42004_AM,LMA3075,250.798
42020,LMA3075,1299.358
42025_AM,LMA3075,555.337
42035_AM,LMA3075,383.821
42043_AM,LMA3075,1668.98
42069_AM,LMA3075,404.321
42094_AM,LMA3075,971.133
42095,LMA3075,1071.92
42129_AM,LMA3075,265.763
42134,LMA3075,436.464
42162,LMA3075,469.695
42164_AM,LMA3075,286.018
4217301,LMA3075,3841.254
4217302,LMA3075,7181.112
4217303,LMA3075,1855.792
43002,LMA3159,1086.181
43004,LMA1048,1919.721
4300501,LMA3155,593.226
4300502,LMA3155,555.488
43007_AM,LMA3155,1402.474
43009_AM,LMA3111,883.365
43012,LMA3146,1361.353
43013,LMA3092,1377.839
43014,LMA3153,5789.988
43016,LMA3159,1636.872
43019_AM,LMA3111,1321.196
43020_AM,LMA3159,1857.966
43026_AM,LMA3111,1237.033
43028,LMA3159,1066.721
43037,LMA3159,7327.984
43038_AM,LMA3092,10265.089
43042_AM,LMA3123,1587.529
43043_AM,LMA3146,1471.205
43044,LMA3153,820.273
4304701,LMA3146,858.102
4304702,LMA3146,612.216
43050,LMA3146,878.473
43051,LMA3159,2783.936
43052_AM,LMA3153,1412.082
43054_AM,LMA3155,1217.705
43055_AM,LMA3111,784.446
43060_AM,LMA3111,1278.141
43064_AM,LMA3111,768.89
43078_AM,LMA3153,714.69
43086,LMA3155,1498.198
43088_AM,LMA3092,1126.674
43090_AM,LMA3155,1381.786
43092,LMA3092,2933.858
43093,LMA3111,1618.97
43094_AM,LMA3111,1476.059
43095_AM,LMA3146,1057.09
43100,LMA3146,1155.512
43104,LMA3092,507.488
43108_AM,LMA3155,1568.564
43109,LMA3146,734.797
43111,LMA3146,717.386
4312301,LMA3123,1161.068
4312302,LMA3123,5204.375
4312303,LMA3123,4595.649
4312304,LMA3123,2704.033
4312305,LMA3123,3151.208
4312306,LMA3123,5538.49
4312307,LMA3123,2276.129
4312308,LMA3123,3679.949
4312310_AD,LMA3123,1460.845
43126_AM,LMA3155,2609.783
43128_AM,LMA3092,1323.308
43129,LMA3123,1459.154
43131,LMA3159,1931.028
4313301,LMA3153,1508.815
4313302,LMA3153,2225.406
4313601,LMA3153,1827.716
4313602,LMA3153,1191.119
43137_AM,LMA3159,1316.205
43138,LMA3153,693.632
43139,LMA3155,351.193
43140,LMA3159,1153.79
43142_AM,LMA3155,474.657
4314501,LMA3123,458.267
4314502,LMA3123,571.441
4314803_AD,LMA3146,2200.649
4314804,LMA3146,3986.68
4314805,LMA3146,2808.863
4314806,LMA3146,6246.663
4314807,LMA3146,11725.055
4314808,LMA3146,5881.686
4314809,LMA3146,1921.903
43153,LMA3146,3908.797
4315501,LMA3153,2074.551
4315502,LMA3153,1293.489
4315503,LMA3153,1687.856
4315504,LMA3153,4006.749
43156,LMA1048,2214.58
43161,LMA3155,7140.854
43162,LMA3092,1721.727
4316301,LMA3159,1425.043
4316302,LMA3159,3642.781
4316303,LMA3159,6192.552
43166_AM,LMA3155,1692.003
43171,LMA3092,6250.907
43901,LMA3153,2729.626
43902,LMA3153,982.648
43903,LMA3153,886.326
43904,LMA3153,1740.879
43905,LMA3092,7568.52
43906,LMA3153,592.89
43907,LMA3146,1921.734
44008_AM,LMA3171,631.646
44009_AM,LMA3186,377.632
44013,LMA3171,4714.302
44014_AM,LMA3171,687.794
4402501,LMA3171,376.084
4402502,LMA3171,336.83
44050_AM,LMA3676,477.181
44051_AM,LMA3171,443.192
44056_AM,LMA3676,450.028
44059_AM,LMA3186,286.663
44068_AM,LMA3171,461.094
44076,LMA3186,272.167
44153,LMA3676,196.343
44155_AM,LMA3171,659.582
44158_AM,LMA3186,403.692
44209_AM,LMA3186,632.954
44210_AM,LMA3186,583.155
44216,LMA3186,10752.261
44238_AM,LMA3171,499.152
44246_AM,LMA3171,557.995
45002,LMA3271,794.684
45012_AM,LMA3271,332.788
45013_AM,LMA3271,116.695
45014,LMA3271,915.254
45016,LMA3271,1660.247
45019,LMA3271,2678.501
45020_AM,LMA876,348.509
45021,LMA2026,629.44
45023_AM,LMA3271,1233.717
45028,LMA3266,988.939
45031,LMA3271,586.514
45034_AM,LMA1053,165.478
45037_AM,LMA3266,479.827
45038,LMA3271,1254.021
45040_AM,LMA3266,831.284
45041,LMA3271,1062.194
45045_AM,LMA3266,919.153
45046_AM,LMA3266,525.509
45047_AM,LMA3271,1450.053
45051_AM,LMA3271,1083.61
45052_AM,LMA3271,1162.38
45053,LMA1053,2265.227
45054,LMA3255,695.99
45056,LMA3271,515.64
45059_AM,LMA2026,600.097
45061,LMA3271,142.726
45064,LMA3271,815.266
4506601,LMA3271,1191.822
4506602,LMA3271,1445.225
45067_AM,LMA3271,542.546
45069_AM,LMA3271,1026.689
45078_AM,LMA2026,249.629
4508101,LMA3271,2507.628
4508102,LMA3271,5812.925
45082_AM,LMA876,686.708
45084,LMA3255,226.433
45085_AM,LMA3271,711.246
4508701,LMA1053,337.516
4508702,LMA1053,414.359
4508703,LMA1053,890.842
45088,LMA3271,963.89
45098,LMA3271,317.5
45099,LMA3271,1207.331
45101_AM,LMA3255,740.319
45102,LMA3271,1056.845
45106,LMA3271,1704.541
45107,LMA3271,913.085
45109_AM,LMA3271,161.403
45110_AM,LMA3266,991.417
45112_AM,LMA3266,123.691
45115,LMA2026,790.901
45118_AM,LMA3271,1122.221
45119,LMA3271,984.096
45121_AM,LMA2026,2475.525
45122,LMA3271,1922.805
45123,LMA2026,1159.88
45124,LMA3271,421.832
45125,LMA876,342.481
45128,LMA3271,1088.643
45132_AM,LMA3266,1578.091
45133,LMA3271,456.93
45135,LMA3255,831.909
45136,LMA3271,1264.342
45137_AM,LMA3266,692.312
45140_AM,LMA3271,636.123
4514201,LMA3255,546.172
4514202,LMA3255,1105.697
4514203,LMA3255,749.631
45145,LMA3271,551.617
45153_AM,LMA3271,143.322
45156,LMA1321,790.876
45157,LMA3271,459.619
45158_AM,LMA3271,938.918
45161,LMA2026,5947.631
4516301,LMA3271,974.065
4516302,LMA3271,1676.64
4516501,LMA3266,3382.322
4516502,LMA3266,6935.912
4516503,LMA3266,8665.753
4516504,LMA3266,3177.965
45166_AM,LMA1053,313.488
4516804_AD,LMA3271,2507.121
4516805,LMA3271,8949.301
4516806,LMA3271,1639.636
4516807,LMA3271,6574.65
45171_AM,LMA3271,462.134
4517301,LMA3271,1251.93
4517302,LMA3271,1373.492
45176,LMA3271,1327.183
45180,LMA3271,630.795
45181,LMA3266,616.541
45183,LMA3271,693.319
45185,LMA3255,392.391
45186,LMA3255,327.538
45187,LMA1053,310.231
45188_AM,LMA3271,1308.006
45189_AM,LMA3271,957.039
45192_AM,LMA3255,611.936
45195,LMA2026,272.218
45197,LMA3271,273.562
45198,LMA2026,259.852
45199,LMA3271,1237.84
45200_AM,LMA1053,1201.688
45201,LMA3271,1502.501
45202,LMA2026,563.017
45203,LMA3271,1268.205
45205,LMA3271,2598.477
46001_AM,LMA3441,262.402
46004_AM,LMA3422,1061.878
4600501,LMA3483,2546.98
4600502,LMA3483,3043.851
4600503,LMA3483,1739.656
46006,LMA3422,1725.255
46007_AM,LMA3483,5281.133
46008,LMA3313,555.877
46009,LMA3483,1202.615
46011_AM,LMA3313,2370.407
46013,LMA3483,7172.053
46014,LMA3483,977.967
46015,LMA3483,2188.628
46016_AM,LMA3392,935.694000000001
4601701,LMA3313,942.047
4601702,LMA3313,3982.071
4601703,LMA3313,1235.303
4601704,LMA3313,5833.729
4601705,LMA3313,1423.885
4601901,LMA3313,909.097
4601902,LMA3313,2462.137
46020,LMA3392,1152.971
46021,LMA3483,9157.026
46022_AM,LMA3483,5316.327
46025,LMA3483,891.674
46029,LMA3313,6738.433
4603101,LMA3313,877.250999999999
4603102,LMA3313,929.953
4603103,LMA3313,1163.602
46032,LMA3483,1812.277
46034,LMA3380,524.12
46035,LMA3313,2648.134
46037_AM,LMA3380,834.858
46039,LMA3392,362.821
46042,LMA3422,741.513
46044,LMA31,891.856
46045_AM,LMA3392,388.142
46048,LMA3380,1112.997
46051,LMA3483,2986.925
46054,LMA3483,3610.513
46055_AM,LMA3380,1223.516
46058_AM,LMA3449,1424.329
46060,LMA3313,2827.094
46062,LMA3422,1400.612
46063_AM,LMA3313,905.497
46067_AM,LMA3483,680.675
4607001,LMA3483,2172.221
4607002,LMA3483,4410.191
46072,LMA3422,1227.397
46073_AM,LMA3392,329.528
46074,LMA3483,1160.226
46077,LMA3441,2326.501
4607801,LMA3483,3554.459
4607802,LMA3483,6259.452
46080_AM,LMA3441,419.838
46081,LMA3392,3364.919
46082,LMA3449,2078.989
4608301,LMA3313,911.336
4608302,LMA3313,1230.412
4608303,LMA3313,625.605
4608304,LMA3313,2069.8
46084_AM,LMA3392,395.047
46085,LMA3313,4547.979
46089_AM,LMA3483,542.525
46093,LMA3441,637.619
46094,LMA3483,8429.929
46097_AM,LMA31,475.381
46098,LMA3313,378.799
46102,LMA3483,5986.408
46105,LMA3313,5285.064
46106_AM,LMA3441,652.852
46109,LMA3441,2580.412
46110,LMA3483,6917.692
46111,LMA3441,4593.239
46113,LMA3380,758.693
46116,LMA3483,4609.759
46118_AM,LMA3392,892.306000000001
46120_AM,LMA3449,1363.766
46122,LMA3449,742.527
46123,LMA3313,625.396
46126,LMA3483,1948.837
46127_AM,LMA3380,1378.961
46128_AM,LMA3422,454.264
4613101,LMA3380,814.65
4613102,LMA3380,7232.707
4613103,LMA3380,2197.197
4613104,LMA3380,3022.366
4613105,LMA3380,3249.062
4613106,LMA3380,2773.967
4613107,LMA3380,1412.68
46132,LMA3392,634.5
46134,LMA3449,812.274
46135,LMA3483,3417.315
46136,LMA3441,694.72
46139,LMA3313,1469.865
46143_AM,LMA3380,1683.98
46145,LMA3392,7162.384
4614701,LMA3483,676.599
4614702,LMA3483,5834.888
46150_AM,LMA3380,1043.33
46155_AM,LMA3313,699.505
46156,LMA3441,562.555
46157,LMA3392,1603.423
4615901,LMA3483,1887.048
4615902,LMA3483,2625.063
4615903,LMA3483,3668.047
46160_AM,LMA3392,1481.927
46163,LMA3483,561.387
46164,LMA3483,4186.095
46165,LMA3483,3037.691
46166,LMA3483,2693.27
46168_AM,LMA3380,873.416
46169,LMA3483,10269.294
46170,LMA3392,865.255
4617101,LMA3483,2026.74
4617102,LMA3483,3253.101
46172,LMA3441,1891.021
46173_AM,LMA3422,1538.379
46176,LMA3441,658.87
46177_AM,LMA3483,1971.229
46178,LMA3483,1884.002
46179,LMA3392,175.853
46181,LMA3380,6484.873
46182_AM,LMA3483,992.427
46183,LMA3422,2250.636
4618401,LMA3422,4075.511
4618402,LMA3422,4091.532
4618403,LMA3422,7353.281
46186,LMA3483,8464.321
46190,LMA3483,19663.68
46191,LMA3483,353.06
46193,LMA3483,3535.08
46194,LMA3483,6146.549
46195_AM,LMA3380,1059.948
46197_AM,LMA3313,1046.836
46199,LMA3449,2074.193
46200_AM,LMA3380,1442.843
46202,LMA3483,8075.208
46203_AM,LMA3392,1194.03
4620401,LMA3449,1232.69
4620402,LMA3449,760.78
46205,LMA3449,3968.92
46207,LMA3483,2461.159
46211,LMA3380,840.608
46212_AM,LMA3441,1047.748
46213,LMA3441,5533.94
46214_AM,LMA3483,6353.594
46216,LMA3483,1834.705
46217_AM,LMA3392,1568.106
46218_AM,LMA3380,1252.632
4622003_AD,LMA3449,3790.279
4622005_AD,LMA3449,2261.331
4622006,LMA3449,4124.358
4622007,LMA3449,5710.917
46223,LMA3483,2534.885
46228,LMA3483,634.66
46229_AM,LMA3441,254.532
46230,LMA3483,5263.718
46231_AM,LMA3380,1425.679
46233,LMA3313,877.977
4623501,LMA3313,1822.059
4623502,LMA3313,1735.93
4623503,LMA3313,1581.923
4623504,LMA3313,1951.25
46237,LMA3483,2241.764
4623801,LMA3380,859.173
4623802,LMA3380,562.896
4623803,LMA3380,1990.553
4624401,LMA3483,3932.973
4624402,LMA3483,2527.072
4624403,LMA3483,10915.861
4624404,LMA3483,5010.463
4624801,LMA3441,584.254
4624802,LMA3441,566.761
46249,LMA3441,2390.531
4625001,LMA3483,5365.8
4625002,LMA3483,9423.021
4625003,LMA3483,11155.12
4625004,LMA3483,11068.609
4625005,LMA3483,10343.591
4625006,LMA3483,7058.338
4625007,LMA3483,12312.273
4625008,LMA3483,14712.182
4625009,LMA3483,12233.046
4625010,LMA3483,18198.087
4625011,LMA3483,12686.322
4625012,LMA3483,16259.808
4625013,LMA3483,7791.221
4625014,LMA3483,7138.172
4625015,LMA3483,12644.887
4625016,LMA3483,11761.877
4625017,LMA3483,1692.028
4625018,LMA3483,3749.597
4625019,LMA3483,5348.254
46251_AM,LMA3392,947.122
46255_AM,LMA3380,889.784
46256,LMA3483,2560.663
46257,LMA3392,1044.301
46258,LMA3483,257.171
46260,LMA3483,884.586
46261_AM,LMA3441,886.450000000001
46903,LMA3483,2661.61
47004_AM,LMA3513,496.837
47007_AM,LMA3536,1991.182
47010,LMA3536,7301.738
47023_AM,LMA3536,1581.498
47027,LMA3536,585.572
47030_AM,LMA807,442.183
47050,LMA3536,853.259
47052,LMA3536,3596.895
47066_AM,LMA3536,690.061
47071_AM,LMA3513,741.031
4707501,LMA3536,595.453
4707502,LMA3536,804.136
47076,LMA3536,6869.919
4708501,LMA3513,2483.922
4708502,LMA3513,998.825
4708503,LMA3513,1455.871
47086_AM,LMA3536,568.912
47090,LMA3536,462.126
47101_AM,LMA3513,599.238
47104_AM,LMA3513,1225.576
47112_AM,LMA3536,791.158
47114,LMA807,1270.822
47129_AM,LMA807,477.199
47133,LMA3536,987.604
47139_AM,LMA3513,1029.447
47155,LMA3536,1005.352
47161,LMA3536,1836.054
4716501,LMA3513,312.052
4716502,LMA3513,569.804
47173_AM,LMA3536,933.792
4717501,LMA3536,1014.616
4717502,LMA3536,1174.863
47182_AM,LMA3513,652.643
4718601,LMA3536,949.45
4718602,LMA3536,3369.748
4718603,LMA3536,2034.625
4718604,LMA3536,9187.5
4718605,LMA3536,1065.024
4718606,LMA3536,8319.656
4718607,LMA3536,5470.423
4718608,LMA3536,6300.967
4718609,LMA3536,2344.402
4718610,LMA3536,17154.357
4718611,LMA3536,14621.329
4718612,LMA3536,2839.455
47197_AM,LMA3536,538.332
47214_AM,LMA1827,212.006
47217,LMA3536,762.033
47231,LMA3536,2281.267
48001_AM,LMA3582,3491.856
4800201,LMA3575,1304.272
4800202,LMA3575,1266.203
48003,LMA3582,4618.84
4801101,LMA3575,1611.704
4801102,LMA3575,1007.098
48012_AM,LMA3575,1322.179
4801301,LMA3575,1476.954
4801302,LMA3575,3944.688
4801303,LMA3575,1685.592
4801304,LMA3575,2317.614
4801305,LMA3575,3220.074
4801306,LMA3575,3571.916
4801307,LMA3575,2158.856
4801308,LMA3575,2540.072
4801309,LMA3575,2979.604
48015,LMA3575,9994.683
48016,LMA3575,2163.502
4801702,LMA3582,1192.054
4801703,LMA3582,1399.702
48018_AM,LMA3582,1331.991
48019_AM,LMA3582,1201.782
4802001,LMA3575,11155.897
4802002,LMA3575,7511.379
4802003,LMA3575,5854.626
4802004,LMA3575,8696.785
4802005,LMA3575,14122.446
4802006,LMA3575,10375.998
4802007,LMA3575,10781.56
4802008,LMA3575,7530.60900000001
48022_AM,LMA2842,791.578
48026_AM,LMA3582,2105.693
4802701,LMA3582,1047.288
4802702,LMA3582,1045.372
4802703,LMA3582,1680.035
4802704,LMA3582,3328.284
4802705,LMA3582,2136.362
48029,LMA3575,3056.629
48032,LMA3582,1676.445
48034,LMA3582,2817.773
48036,LMA3575,7541.986
48038_AM,LMA3582,1401.69
48040_AM,LMA3575,811.959
48043,LMA3575,1487.351
4804401,LMA3575,3193.939
4804402,LMA3575,8990.993
4804403,LMA3575,5842.061
48045,LMA839,1069.024
4804601,LMA3582,4489.549
4804602,LMA3582,1124.027
4805401,LMA3575,3500.66
4805402,LMA3575,1249.799
4805403,LMA3575,3896.97
48055_AM,LMA3582,991.046
48057,LMA3582,1612.45
48060_AM,LMA3582,2206.253
48065_AM,LMA3575,970.379
48068_AM,LMA3582,2131.457
4806901,LMA3575,2566.861
4806902,LMA3575,920.437
48071_AM,LMA3575,1432.868
48073,LMA3582,1140.968
48074,LMA15,962.172
48075,LMA3575,1006.806
48077_AM,LMA3575,1511.141
4807801,LMA3575,2244.082
4807802,LMA3575,2101.376
4807803,LMA3575,2728.322
4807804,LMA3575,1693.01
4807805,LMA3575,1153.161
48080,LMA3575,2795.364
48081_AM,LMA3575,1064.62
48082,LMA3575,10349.602
48083,LMA3575,1935.8
4808401,LMA3575,2287.255
4808402,LMA3575,1518.502
4808403,LMA3575,1325.49
4808404,LMA3575,1539.804
48085,LMA3575,3233.598
48086_AM,LMA839,978.692
48089,LMA3575,1227.894
4809001,LMA839,448.259
4809002,LMA839,434.217
48094,LMA3582,1161.887
48095_AM,LMA3582,1116.527
48096,LMA3575,2004.409
48097_AM,LMA3575,822.224
48901,LMA3575,1822.53
4890201,LMA3575,2453.96
4890202,LMA3575,2713.198
4890203,LMA3575,991.492
48904_AM,LMA3575,2087.402
48905,LMA3575,814.764
48906_AM,LMA3582,1316.657
48910_AM,LMA3582,1618.826
48912_AM,LMA3575,927.494
49003_AM,LMA3644,272.946
49021,LMA3644,5209.953
49054_AM,LMA3661,675.675
49065_AM,LMA3661,270.464
49081_AM,LMA3661,360.762
49122_AM,LMA3661,980.942
49127,LMA3661,613.585
49151_AM,LMA3661,413.113
49166_AM,LMA3644,677.71
49178_AM,LMA3661,978.125
49187_AM,LMA3644,847.316
49193_AM,LMA3644,449.075
49200_AM,LMA3644,978.523
49206_AM,LMA3644,602.188
49214_AM,LMA3644,294.642
49219_AM,LMA3661,2111.006
49250_AM,LMA3644,532.301
49261_AM,LMA3661,1161.14
4927501,LMA3661,4740.096
4927502,LMA3661,5095.011
4927503,LMA3661,1886.227
4927504,LMA3661,1852.905
4927505,LMA3661,3625.713
50008_AM,LMA3713,2029.957
50017_AM,LMA3713,732.836
50018_AM,LMA3676,624.546
50025,LMA3676,2541.808
50034_AM,LMA3676,440.051
50038_AM,LMA3676,455.681
50055_AM,LMA2404,496.9
50057_AM,LMA3676,320.884
50062_AM,LMA3713,1088.397
50066,LMA3713,874.543
50067,LMA3676,5298.945
50068_AM,LMA3676,564.279
50073_AM,LMA3676,969.409
50074,LMA3679,2456.656
50089,LMA3713,4864.876
50094_AM,LMA3676,285.827
50095_AM,LMA3682,4536.187
50099,LMA3676,1047.946
50115,LMA3679,590.265
50118,LMA3682,300.189
50126,LMA3676,1333.839
50130_AM,LMA2404,880.228
50150_AM,LMA3713,892.451
50153_AM,LMA2404,704.646
50159_AM,LMA3676,634.29
50160,LMA2404,276.239
50163_AM,LMA3713,1090.481
50165_AM,LMA3679,857.315
50181_AM,LMA3713,639.767
50182,LMA3713,1386.58
50204_AM,LMA3713,1363.476
50208_AM,LMA3679,917.199
50209_AM,LMA3713,1743.319
50219,LMA3713,1435.089
50222_AM,LMA3679,374.024
50223_AM,LMA3713,381.439
50225_AM,LMA3676,991.396
50230_AM,LMA3682,604.841
50235_AM,LMA3713,1325.001
50240_AM,LMA3679,585.92
50251_AM,LMA2404,2037.482
50252,LMA3682,682.183
50272,LMA3713,4461.281
50288,LMA3713,1054.447
5029701,LMA3713,9450.501
5029702,LMA3713,10523.726
5029703,LMA3713,20481.217
5029704,LMA3713,25351.229
5029705,LMA3713,14081.677
5029706,LMA3713,8766.314
5029707,LMA3713,5834.535
5029708,LMA3713,11959.89
5029709,LMA3713,11060.977
5029710,LMA3713,34621.594
5029711,LMA3713,6866.191
5029712,LMA3713,3669.624
50298,LMA3713,2564.609
50903,LMA3713,714.621
5100101,LMA3729,3256.995
5100102,LMA3729,2336.164
5100103,LMA3729,4149.936
5100104,LMA3729,4056
5100105,LMA3729,2054.604
5100106,LMA3729,3182.613
5200101,LMA3737,1306.871
5200102,LMA3737,1239.718
5200103,LMA3737,998.345
5200104,LMA3737,2731.752
5200105,LMA3737,4023.161
5200106,LMA3737,1232.491
5200107,LMA3737,3932.979
5200108,LMA3737,7632.002
