periodo,casa > frecuente,casa > no_frecuente,casa > trabajo_estudio,frecuente > casa,frecuente > frecuente,frecuente > no_frecuente,frecuente > trabajo_estudio,no_frecuente > casa,no_frecuente > frecuente,no_frecuente > no_frecuente,no_frecuente > trabajo_estudio,trabajo_estudio > casa,trabajo_estudio > frecuente,trabajo_estudio > no_frecuente
0,472196.931,72075.8246,96867.9264,1070497.5374000003,171102.77539999998,45529.117,24859.7242,149937.174,33531.297,63302.2752,5922.664,363839.6134,32582.2326,8756.0204
1,219465.7034,43854.6376,52500.40060000001,609137.0784,113823.9492,31726.301399999997,13252.4044,86483.4312,23089.769200000002,54348.591799999995,3811.6428,216129.7208,17654.408600000002,5231.5574
2,223610.07119999998,44509.604,58595.18000000001,364521.5404,94527.339,26603.312400000003,11423.5496,55938.159199999995,20632.3056,49298.9506,3833.887,125740.97020000001,12388.383600000001,3945.9492
3,253605.5466,49519.089,72834.348,225904.96320000003,82336.299,22664.417800000003,10648.2058,41763.1584,20698.439,46430.058,3995.2578000000003,72933.7468,10317.8024,3267.0534
4,369543.0964,73726.9992,132101.0322,176397.5894,81059.85800000001,21362.8288,14458.785999999998,39248.057199999996,23528.998799999998,47072.4346,5699.205199999999,47102.8566,10758.313,3534.762
5,750974.599,159824.2732,430737.2904,203674.73220000003,105467.6726,28522.381199999996,35527.087,47754.1774,32900.9458,54595.381799999996,11713.548999999999,44510.215599999996,17422.9156,5719.4214
6,1418392.3002,326504.8012,1006412.282,484099.608,212140.5626,63454.337,110501.8338,90756.8726,58218.844,86906.18879999999,27541.256400000002,83038.5544,46871.4742,15203.125
7,2690225.7375999996,731990.1895999999,1968994.6693999998,706100.4458,437608.65619999997,175405.6344,295774.0018,118860.7436,88961.52679999999,140265.8996,50332.9818,130195.29,138577.916,49365.481
8,3172647.8464,845446.6914000001,1732459.7348000002,802494.5946000001,711329.8256,281902.3048,399588.41000000003,132169.544,115506.1636,170120.0172,55594.25719999999,175780.542,250568.1546,88765.6262
9,2408912.0990000004,725571.105,903096.4028,985808.1070000001,877016.5114,325594.517,373886.9652,182597.7018,158185.2336,189870.2552,60874.0208,213907.5822,293642.4514,106151.8646
10,1830837.5259999998,576409.1114,448386.89359999995,1155152.0272,931867.5406,313244.8458,314681.74199999997,295403.17059999995,228407.36460000003,224345.55800000002,75321.3078,231629.33659999998,290498.4946,99360.9764
11,1568845.6879999998,476858.2966,342598.8846,1429647.9102,981383.5976,302657.85240000003,311185.487,432228.2836,288039.802,251672.626,93586.18980000001,254688.902,281009.9652,90195.1666
12,1339446.0396,359979.2584,322625.2892,1795405.934,969335.1418,269762.273,324801.4734,563145.5854,315618.36460000003,260943.83140000002,106088.1014,324254.02800000005,274823.5956,78130.9476
13,1312339.6946,308699.2006,396834.4176,2277321.6738,946713.5232,251659.6854,356917.445,666134.7884,316136.0444,276723.0292,111322.24980000002,696749.7772,358526.27400000003,87828.3324
14,1405427.861,337331.6176,497276.72740000003,2927318.5326,922587.4768,253131.9534,392876.29980000004,714551.3166,293583.18220000004,268690.5894,107931.0054,1187037.7288,448909.1494,109593.37299999999
15,1642078.8346000002,424888.75580000004,588919.9702,2143237.107,810166.9828,234119.5646,345342.12340000004,520045.7902,251688.1554,238644.60460000002,92490.0054,1028227.1359999999,399141.8668,106984.652
16,1877196.0504,513806.52819999994,514071.022,1639556.6561999999,779130.5105999999,232670.5324,269152.2232,479994.0172,246143.1484,221044.4374,79512.5646,708306.7448,348764.73219999997,101495.7264
17,1922403.3254,568503.297,380240.98339999997,1819662.6294,822417.994,257036.6796,231577.8384,579462.1992,261397.8098,215090.9662,72150.0166,846819.8228,357169.8656,116599.732
18,1909294.4028,550144.7427999999,337506.5158,2180001.0014,849450.9412,259616.2196,210471.1858,703172.2874,271041.5024,216998.70320000002,70733.99059999999,954084.1356,335745.3232,113454.9068
19,1682901.2842,446533.21459999995,326030.043,2598769.4046,809071.622,231100.85779999997,195026.571,774698.581,253443.6824,200718.277,66612.03,901444.731,256780.14419999998,82008.3738
20,1325950.9212000002,313766.85860000004,284529.3628,2710469.0456,689799.9008,182532.5752,166788.5112,748275.4784,207917.7646,172010.23760000002,55554.63619999999,863921.4252,187381.3344,56076.6868
21,1097023.3778000001,202523.204,249837.2114,2323801.3766,527752.1059999999,127307.3316,123790.51940000002,571849.9802,147704.0318,133275.5174,38892.1578,687824.4538,122024.5702,32733.4512
22,889574.1407999999,138189.33599999998,209796.35139999999,1888796.7622000002,394266.51119999995,88601.7876,86030.28880000001,401550.7096,100503.1588,104132.67760000001,25569.244400000003,600651.0138000001,85918.49799999999,20268.379399999998
23,644016.2490000001,95171.074,146601.3912,1221843.2404,245560.2738,55128.9702,46020.9654,220177.8718,55586.5446,66412.9152,12581.6408,393576.1068,47253.4084,10715.8028
