min_cluster_size,min_samples,n_clusters,noise_share,largest_cluster_share
20,5,2,0.044128646222887064,0.9496384941411119
20,10,3,0.1762652705061082,0.8115183246073299
20,15,7,0.6896035901271503,0.2675143355771628
40,5,2,0.2505609573672401,0.7362253802044378
40,10,3,0.6848666168037896,0.2892046871104463
40,15,2,0.6988282223884318,0.2887060583395662
60,5,3,0.6482174021441037,0.29842931937172773
60,10,2,0.6948391922213911,0.2892046871104463
60,15,2,0.9274495138369484,0.03989030167040638
80,5,2,0.6634255796559462,0.29842931937172773
80,10,2,0.9234604836699077,0.0481176763899277
80,15,2,0.9274495138369484,0.03989030167040638
