product,dayflag,timezone,max_abs_dev
fromto,0,0,0.000522690092776612
fromto,0,1,0.0007439851170142342
fromto,0,2,0.0005560678691831633
fromto,1,0,0.0007394802774940423
fromto,1,1,0.0008310965821727301
fromto,1,2,0.0006784672733273212
fromto,2,0,0.0006169743064046163
fromto,2,1,0.0007857535208704025
fromto,2,2,0.0006225211453381174
mesh,0,0,0.0003955579503318596
mesh,0,1,0.0009103209110705723
mesh,0,2,0.0005607597886887472
mesh,1,0,0.000613675182618012
mesh,1,1,0.0011184652974497444
mesh,1,2,0.0005510576949985246
mesh,2,0,0.0005180405547748901
mesh,2,1,0.0009750962241052985
mesh,2,2,0.0004980340744770162
