reference,match,weight,iou,omission,commission,n_candidates
CR01,LMA1,55800.0,0.15300246778173843,0.0,0.8469975322182616,1
CR02,LMA1,18300.0,0.05017822868110776,0.0,0.9498217713188922,1
CR03,LMA1,198000.0,0.5429119824513299,0.0,0.4570880175486701,1
CR04,LMA10,144300.0,0.4986178299930891,0.0,0.5013821700069109,1
CR05,LMA10,62000.0,0.21423635107118175,0.0,0.7857636489288182,1
CR06,LMA10,83100.0,0.2871458189357291,0.0,0.7128541810642709,1
CR07,LMA1,85400.0,0.23416506717850288,0.0,0.7658349328214971,1
CR08,LMA18,73300.0,0.5228245363766049,0.0,0.47717546362339514,1
CR09,LMA18,59000.0,0.21686010995723884,0.39830508474576276,0.7467902995720399,3
CR10,LMA40,190400.0,0.4207815813389882,0.27048319327731096,0.5014357501794688,3
CR11,LMA24,77700.0,0.25758241758241757,0.24581724581724584,0.7188099808061421,2
CR12,LMA25,308000.0,0.5969604863221885,0.3623376623376623,0.09659613615455387,2
CR13,LMA53,334700.0,0.25274533728429494,0.5667762175082163,0.6223958333333333,3
CR14,LMA50,186800.0,0.3706528370957901,0.3495717344753747,0.5371428571428571,3
CR15,LMA64,356900.0,0.47561260210035006,0.4289717007565145,0.25998547567175023,3
CR16,LMA214,117100.0,0.22455648926237162,0.1784799316823228,0.7639263803680981,3
CR17,LMA53,676300.0,0.2549414131849923,0.6815022918823008,0.4390625,3
CR18,LMA103,176800.0,0.5506593760051464,0.03167420814479638,0.4392400917130691,2
CR19,LMA103,117700.0,0.385522436947265,0.0,0.614477563052735,1
CR20,LMA105,93500.0,0.04792391844853307,0.1754010695187166,0.9515825169555389,2
CR21,LMA105,105200.0,0.06606380306455664,0.0,0.9339361969354434,1
CR22,LMA105,81600.0,0.05124340617935192,0.0,0.948756593820648,1
CR23,LMA105,709200.0,0.4453654860587792,0.0,0.5546345139412208,1
CR24,LMA105,103500.0,0.06499623210248681,0.0,0.9350037678975132,1
CR25,LMA146,215300.0,0.2746173469387755,0.0,0.7253826530612245,1
CR26,LMA146,393200.0,0.5015306122448979,0.0,0.4984693877551021,1
CR27,LMA146,118300.0,0.15089285714285713,0.0,0.8491071428571428,1
CR28,LMA163,167000.0,0.08313106796116505,0.425748502994012,0.9114087759815243,3
CR29,LMA163,688700.0,0.6362124711316397,0.0,0.3637875288683603,1
CR30,LMA163,177500.0,0.16397228637413394,0.0,0.836027713625866,1
CR31,LMA183,41200.0,1.0,0.0,0.0,1
CR32,LMA177,126500.0,0.5019762845849802,0.4980237154150198,0.0,3
CR33,LMA191,300800.0,0.9628681177976952,0.0,0.03713188220230479,1
CR34,LMA221,245400.0,0.8879380603096985,0.11206193969030154,0.0,2
CR35,LMA214,328900.0,0.6270437472381795,0.137123745819398,0.30355828220858894,2
CR36,LMA200,388400.0,0.9236623067776457,0.0,0.07633769322235429,1
CR37,LMA246,139400.0,0.6039506172839506,0.12266857962697275,0.3403451995685005,2
CR38,LMA246,108700.0,0.27316017316017316,0.4195032198712052,0.6596548004314995,3
CR39,LMA236,245600.0,0.6275569278270938,0.3379478827361564,0.07666098807495736,2
CR40,LMA38,215300.0,0.14358538657604078,0.8430097538318625,0.37291280148423,3
