area,internal,residents,jobs,sc_supply,sc_demand,sc_two_sided
CR01,32700.0,55800.0,45200.0,0.5860215053763441,0.7234513274336283,0.5860215053763441
CR02,8500.0,18300.0,14300.0,0.4644808743169399,0.5944055944055944,0.4644808743169399
CR03,150400.0,198000.0,211600.0,0.7595959595959596,0.7107750472589792,0.7107750472589792
CR04,108000.0,145300.0,130800.0,0.7432897453544391,0.8256880733944955,0.7432897453544391
CR05,38600.0,62000.0,50900.0,0.6225806451612903,0.7583497053045186,0.6225806451612903
CR06,53800.0,83100.0,87800.0,0.6474127557160048,0.6127562642369021,0.6127562642369021
CR07,47600.0,85400.0,79200.0,0.5573770491803278,0.601010101010101,0.5573770491803278
CR08,49400.0,73300.0,60500.0,0.6739427012278308,0.8165289256198347,0.6739427012278308
CR09,36500.0,59000.0,64100.0,0.6186440677966102,0.5694227769110765,0.5694227769110765
CR10,136500.0,190400.0,197800.0,0.7169117647058824,0.6900910010111223,0.6900910010111223
CR11,44000.0,77700.0,69800.0,0.5662805662805663,0.6303724928366762,0.5662805662805663
CR12,273100.0,308000.0,298100.0,0.8866883116883116,0.9161355249916135,0.8866883116883116
CR13,232000.0,334700.0,335400.0,0.6931580519868539,0.691711389385808,0.691711389385808
CR14,136800.0,186800.0,159800.0,0.7323340471092077,0.8560700876095119,0.7323340471092077
CR15,264400.0,356900.0,336000.0,0.7408237601569067,0.7869047619047619,0.7408237601569067
CR16,69300.0,117100.0,99000.0,0.591801878736123,0.7,0.591801878736123
CR17,501700.0,676300.0,762300.0,0.7418305485731185,0.6581398399580217,0.6581398399580217
CR18,123400.0,176800.0,146100.0,0.6979638009049773,0.8446269678302533,0.6979638009049773
CR19,69700.0,117700.0,102300.0,0.5921835174171622,0.6813294232649071,0.5921835174171622
CR20,45500.0,93500.0,69900.0,0.48663101604278075,0.6509298998569385,0.48663101604278075
CR21,43700.0,105200.0,80100.0,0.41539923954372626,0.5455680399500624,0.41539923954372626
CR22,33900.0,81600.0,60600.0,0.41544117647058826,0.5594059405940595,0.41544117647058826
CR23,580300.0,709200.0,1028200.0,0.8182459108855048,0.5643843610192569,0.5643843610192569
CR24,50000.0,103500.0,92800.0,0.4830917874396135,0.5387931034482759,0.4830917874396135
CR25,129700.0,215300.0,176900.0,0.6024152345564329,0.7331825890333522,0.6024152345564329
CR26,254000.0,393200.0,414300.0,0.6459816887080366,0.6130823075066377,0.6130823075066377
CR27,64500.0,118300.0,132200.0,0.5452240067624683,0.48789712556732223,0.48789712556732223
CR28,86000.0,167000.0,123500.0,0.5149700598802395,0.6963562753036437,0.5149700598802395
CR29,515900.0,688700.0,691800.0,0.7490924931029476,0.7457357617808615,0.7457357617808615
CR30,111400.0,177500.0,164300.0,0.6276056338028169,0.6780279975654291,0.6276056338028169
CR31,35300.0,41200.0,38900.0,0.8567961165048543,0.9074550128534704,0.8567961165048543
CR32,106100.0,126500.0,115900.0,0.8387351778656127,0.9154443485763589,0.8387351778656127
CR33,231100.0,300800.0,287900.0,0.7682845744680851,0.8027092740534908,0.7682845744680851
CR34,167500.0,245400.0,231900.0,0.6825590872045639,0.7222940922811557,0.6825590872045639
CR35,232600.0,328900.0,322700.0,0.7072058376406203,0.7207933064766037,0.7072058376406203
CR36,327900.0,388400.0,414600.0,0.8442327497425335,0.7908827785817656,0.7908827785817656
CR37,102800.0,139400.0,128300.0,0.7374461979913917,0.8012470771628994,0.7374461979913917
CR38,69700.0,108700.0,92000.0,0.641214351425943,0.7576086956521739,0.641214351425943
CR39,222800.0,245600.0,241400.0,0.9071661237785016,0.9229494614747308,0.9071661237785016
CR40,118400.0,215300.0,156600.0,0.5499303297724106,0.756066411238825,0.5499303297724106
