unit,corop
GM0014,CR03
GM0034,CR40
GM0037,CR01
GM0047,CR01
GM0050,CR40
GM0059,CR04
GM0060,CR04
GM0072,CR04
GM0074,CR06
GM0080,CR04
GM0085,CR06
GM0086,CR06
GM0088,CR04
GM0090,CR06
GM0093,CR04
GM0096,CR04
GM0098,CR06
GM0106,CR07
GM0109,CR08
GM0114,CR08
GM0118,CR09
GM0119,CR09
GM0141,CR12
GM0147,CR12
GM0148,CR10
GM0150,CR11
GM0153,CR12
GM0158,CR12
GM0160,CR10
GM0163,CR12
GM0164,CR12
GM0166,CR10
GM0168,CR12
GM0171,CR40
GM0173,CR12
GM0175,CR10
GM0177,CR11
GM0180,CR10
GM0183,CR12
GM0184,CR40
GM0189,CR12
GM0193,CR10
GM0197,CR14
GM0200,CR13
GM0202,CR15
GM0203,CR13
GM0209,CR15
GM0213,CR14
GM0214,CR16
GM0216,CR16
GM0221,CR15
GM0222,CR14
GM0225,CR15
GM0226,CR15
GM0228,CR13
GM0230,CR13
GM0232,CR13
GM0233,CR13
GM0243,CR13
GM0244,CR13
GM0246,CR13
GM0252,CR15
GM0262,CR14
GM0263,CR16
GM0267,CR13
GM0268,CR15
GM0269,CR13
GM0273,CR13
GM0274,CR15
GM0275,CR15
GM0277,CR15
GM0279,CR13
GM0281,CR16
GM0285,CR13
GM0289,CR13
GM0293,CR15
GM0294,CR14
GM0296,CR15
GM0297,CR16
GM0299,CR15
GM0301,CR14
GM0302,CR13
GM0303,CR40
GM0307,CR17
GM0308,CR17
GM0310,CR17
GM0312,CR17
GM0313,CR17
GM0317,CR17
GM0321,CR17
GM0327,CR17
GM0331,CR17
GM0335,CR17
GM0339,CR17
GM0340,CR17
GM0342,CR17
GM0344,CR17
GM0345,CR17
GM0351,CR17
GM0352,CR17
GM0353,CR17
GM0355,CR17
GM0356,CR17
GM0358,CR23
GM0361,CR19
GM0362,CR23
GM0363,CR23
GM0373,CR19
GM0375,CR20
GM0376,CR24
GM0377,CR21
GM0383,CR20
GM0384,CR23
GM0385,CR23
GM0388,CR18
GM0392,CR21
GM0394,CR23
GM0396,CR20
GM0397,CR21
GM0399,CR19
GM0400,CR18
GM0402,CR24
GM0405,CR18
GM0406,CR24
GM0415,CR23
GM0417,CR24
GM0420,CR18
GM0431,CR23
GM0432,CR18
GM0437,CR23
GM0439,CR23
GM0441,CR18
GM0448,CR18
GM0450,CR20
GM0451,CR23
GM0453,CR20
GM0473,CR21
GM0479,CR22
GM0482,CR30
GM0484,CR28
GM0489,CR29
GM0498,CR18
GM0502,CR29
GM0503,CR27
GM0505,CR30
GM0512,CR30
GM0513,CR28
GM0518,CR26
GM0523,CR30
GM0531,CR30
GM0532,CR18
GM0534,CR25
GM0537,CR25
GM0542,CR29
GM0546,CR25
GM0547,CR25
GM0553,CR25
GM0556,CR29
GM0569,CR28
GM0575,CR25
GM0579,CR25
GM0589,CR17
GM0590,CR30
GM0597,CR29
GM0599,CR29
GM0603,CR26
GM0606,CR29
GM0610,CR30
GM0613,CR29
GM0622,CR29
GM0626,CR25
GM0627,CR28
GM0629,CR26
GM0632,CR17
GM0637,CR26
GM0638,CR25
GM0642,CR30
GM0654,CR32
GM0664,CR32
GM0668,CR16
GM0677,CR31
GM0678,CR32
GM0687,CR32
GM0703,CR32
GM0715,CR31
GM0716,CR32
GM0717,CR32
GM0718,CR32
GM0736,CR17
GM0737,CR04
GM0743,CR36
GM0744,CR34
GM0748,CR33
GM0753,CR36
GM0755,CR35
GM0757,CR35
GM0758,CR33
GM0762,CR36
GM0765,CR01
GM0766,CR34
GM0770,CR36
GM0772,CR36
GM0777,CR33
GM0779,CR33
GM0784,CR34
GM0785,CR34
GM0794,CR36
GM0796,CR35
GM0797,CR35
GM0798,CR34
GM0809,CR34
GM0820,CR36
GM0823,CR36
GM0824,CR34
GM0826,CR33
GM0828,CR35
GM0840,CR33
GM0845,CR35
GM0847,CR36
GM0848,CR36
GM0851,CR33
GM0852,CR23
GM0855,CR34
GM0858,CR36
GM0861,CR36
GM0865,CR35
GM0866,CR36
GM0867,CR34
GM0873,CR33
GM0879,CR33
GM0880,CR22
GM0882,CR39
GM0888,CR39
GM0889,CR37
GM0893,CR37
GM0899,CR39
GM0907,CR37
GM0917,CR39
GM0928,CR39
GM0935,CR39
GM0938,CR39
GM0944,CR37
GM0946,CR38
GM0957,CR38
GM0965,CR39
GM0971,CR39
GM0981,CR39
GM0983,CR37
GM0984,CR37
GM0986,CR39
GM0988,CR38
GM0994,CR39
GM0995,CR40
GM1507,CR37
GM1509,CR14
GM1525,CR25
GM1581,CR17
GM1586,CR14
GM1598,CR18
GM1621,CR29
GM1640,CR38
GM1641,CR38
GM1652,CR36
GM1655,CR33
GM1658,CR36
GM1659,CR36
GM1667,CR36
GM1669,CR38
GM1674,CR33
GM1676,CR32
GM1680,CR07
GM1681,CR08
GM1690,CR09
GM1695,CR32
GM1696,CR24
GM1699,CR07
GM1700,CR12
GM1701,CR09
GM1705,CR15
GM1706,CR36
GM1708,CR10
GM1709,CR33
GM1711,CR38
GM1714,CR31
GM1719,CR33
GM1721,CR35
GM1723,CR34
GM1724,CR36
GM1728,CR36
GM1729,CR39
GM1730,CR07
GM1731,CR07
GM1734,CR15
GM1735,CR12
GM1740,CR16
GM1742,CR12
GM1771,CR36
GM1773,CR11
GM1774,CR12
GM1783,CR27
GM1842,CR27
GM1859,CR14
GM1876,CR14
GM1883,CR39
GM1884,CR25
GM1891,CR04
GM1892,CR29
GM1894,CR37
GM1895,CR01
GM1896,CR10
GM1900,CR05
GM1901,CR28
GM1903,CR39
GM1904,CR17
GM1911,CR18
GM1916,CR26
GM1924,CR29
GM1926,CR26
GM1930,CR29
GM1931,CR28
GM1940,CR05
GM1942,CR24
GM1945,CR15
GM1948,CR35
GM1949,CR04
GM1950,CR01
GM1952,CR03
GM1954,CR39
GM1955,CR14
GM1959,CR34
GM1960,CR16
GM1961,CR17
GM1963,CR29
GM1966,CR03
GM1969,CR03
GM1970,CR04
GM1978,CR30
GM1979,CR02
GM1980,CR19
GM1982,CR35
GM1991,CR35
GM1992,CR29
