unit,area,is_core
CR01,CR23,False
CR02,CR23,False
CR03,CR23,False
CR04,CR23,False
CR05,CR23,False
CR06,CR23,False
CR07,CR23,False
CR08,CR23,False
CR09,CR23,False
CR10,CR23,False
CR11,CR23,False
CR12,CR23,False
CR13,CR23,True
CR14,CR23,False
CR15,CR23,False
CR16,CR23,False
CR17,CR23,True
CR18,CR23,False
CR19,CR23,False
CR20,CR23,False
CR21,CR23,False
CR22,CR23,False
CR23,CR23,True
CR24,CR23,False
CR25,CR23,False
CR26,CR23,True
CR27,CR23,False
CR28,CR23,False
CR29,CR23,True
CR30,CR23,False
CR31,CR23,False
CR32,CR23,False
CR33,CR23,False
CR34,CR36,False
CR35,CR36,False
CR36,CR36,True
CR37,CR36,False
CR38,CR36,False
CR39,CR36,False
CR40,CR23,False
