area,internal,residents,jobs,sc_supply,sc_demand,sc_two_sided,name
CR01,35800.0,58700.0,46600.0,0.6098807495741057,0.7682403433476395,0.6098807495741057,Oost-Groningen (CR)
CR02,9900.0,18500.0,15100.0,0.5351351351351351,0.6556291390728477,0.5351351351351351,Delfzijl en omgeving (CR)
CR03,127900.0,172300.0,179200.0,0.7423099245502032,0.7137276785714286,0.7137276785714286,Overig Groningen (CR)
CR04,98700.0,134400.0,120400.0,0.734375,0.8197674418604651,0.734375,Noord-Friesland (CR)
CR05,34200.0,55900.0,45800.0,0.6118067978533095,0.7467248908296943,0.6118067978533095,Zuidwest-Friesland (CR)
CR06,49900.0,77900.0,80600.0,0.6405648267008985,0.6191066997518611,0.6191066997518611,Zuidoost-Friesland (CR)
CR07,45700.0,80900.0,71900.0,0.5648949320148331,0.6356050069541029,0.5648949320148331,Noord-Drenthe (CR)
CR08,44600.0,68300.0,59000.0,0.6530014641288433,0.7559322033898305,0.6530014641288433,Zuidoost-Drenthe (CR)
CR09,34600.0,56300.0,62400.0,0.6145648312611013,0.5544871794871795,0.5544871794871795,Zuidwest-Drenthe (CR)
CR10,116600.0,168000.0,173700.0,0.694047619047619,0.671272308578008,0.671272308578008,Noord-Overijssel (CR)
CR11,41400.0,70300.0,70200.0,0.5889046941678521,0.5897435897435898,0.5889046941678521,Zuidwest-Overijssel (CR)
CR12,235800.0,276600.0,268700.0,0.8524945770065075,0.8775586155563826,0.8524945770065075,Twente (CR)
CR13,204200.0,299700.0,305400.0,0.681348014681348,0.6686313032089064,0.6686313032089064,Veluwe (CR)
CR14,123600.0,176300.0,157300.0,0.7010777084515031,0.7857596948506039,0.7010777084515031,Achterhoek (CR)
CR15,236500.0,326600.0,313900.0,0.7241273729332517,0.7534246575342466,0.7241273729332517,Arnhem/Nijmegen (CR)
CR16,59500.0,106700.0,94900.0,0.5576382380506092,0.6269757639620653,0.5576382380506092,Zuidwest-Gelderland (CR)
CR17,432900.0,593600.0,650200.0,0.7292789757412399,0.6657951399569363,0.6657951399569363,Utrecht (CR)
CR18,110600.0,166700.0,136000.0,0.6634673065386922,0.8132352941176471,0.6634673065386922,Kop van Noord-Holland (CR)
CR19,63800.0,104700.0,95300.0,0.609360076408787,0.6694648478488983,0.609360076408787,Alkmaar en omgeving (CR)
CR20,46400.0,90300.0,71800.0,0.5138427464008859,0.6462395543175488,0.5138427464008859,IJmond (CR)
CR21,45700.0,98900.0,79900.0,0.4620829120323559,0.571964956195244,0.4620829120323559,Agglomeratie Haarlem (CR)
CR22,34000.0,75500.0,58200.0,0.4503311258278146,0.584192439862543,0.4503311258278146,Zaanstreek (CR)
CR23,486400.0,603600.0,813300.0,0.8058316766070245,0.5980572974302225,0.5980572974302225,Groot-Amsterdam (CR)
CR24,52900.0,103200.0,103100.0,0.5125968992248062,0.513094083414161,0.5125968992248062,Het Gooi en Vechtstreek (CR)
CR25,119600.0,195200.0,167300.0,0.6127049180327869,0.7148834429169157,0.6127049180327869,Agglomeratie Leiden en Bollenstreek (CR)
CR26,245600.0,350400.0,370100.0,0.7009132420091324,0.6636044312348014,0.6636044312348014,Agglomeratie 's-Gravenhage (CR)
CR27,60900.0,105000.0,112700.0,0.58,0.5403726708074534,0.5403726708074534,Delft en Westland (CR)
CR28,74700.0,138300.0,118700.0,0.5401301518438177,0.6293176074136478,0.5401301518438177,Oost-Zuid-Holland (CR)
CR29,482200.0,621900.0,633600.0,0.7753658144396205,0.7610479797979798,0.7610479797979798,Groot-Rijnmond (CR)
CR30,111900.0,179500.0,171200.0,0.6233983286908078,0.6536214953271028,0.6233983286908078,Zuidoost-Zuid-Holland (CR)
CR31,34400.0,40600.0,38200.0,0.8472906403940886,0.900523560209424,0.8472906403940886,Zeeuwsch-Vlaanderen (CR)
CR32,94100.0,119600.0,105400.0,0.7867892976588629,0.8927893738140418,0.7867892976588629,Overig Zeeland (CR)
CR33,214700.0,282100.0,281800.0,0.7610776320453739,0.7618878637331441,0.7610776320453739,West-Noord-Brabant (CR)
CR34,142800.0,216800.0,206900.0,0.6586715867158671,0.6901884968583857,0.6586715867158671,Midden-Noord-Brabant (CR)
CR35,210800.0,299300.0,295300.0,0.7043100567991981,0.7138503217067389,0.7043100567991981,Noordoost-Noord-Brabant (CR)
CR36,280500.0,344100.0,366600.0,0.8151700087183958,0.765139116202946,0.765139116202946,Zuidoost-Noord-Brabant (CR)
CR37,96700.0,130900.0,122400.0,0.7387318563789153,0.7900326797385621,0.7387318563789153,Noord-Limburg (CR)
CR38,70100.0,104700.0,93100.0,0.6695319961795606,0.7529538131041891,0.6695319961795606,Midden-Limburg (CR)
CR39,214400.0,242800.0,239000.0,0.8830313014827018,0.897071129707113,0.8830313014827018,Zuid-Limburg (CR)
CR40,99500.0,182200.0,142100.0,0.5461031833150384,0.7002111189303307,0.5461031833150384,Flevoland (CR)
