step,sc
1000,0.6393214468767043
2000,0.5533912268542178
3000,0.5500244616570288
4000,0.5580608107654419
5000,0.553649225993257
6000,0.5527997359670477
7000,0.5562912341656701
8000,0.5551057810458808
9000,0.5667112659033411
10000,0.5749686838565373
11000,0.5472101121114206
12000,0.5551297950629792
13000,0.5475171651261636
14000,0.545331609795257
15000,0.5475957818889361
16000,0.5363485954924151
17000,0.55143345496705
18000,0.5552360629172843
19000,0.543448118159036
20000,0.5555390591951583
21000,0.5397008590210264
22000,0.5523229994411961
23000,0.5533317746759646
24000,0.5638188591448734
25000,0.5625557684746595
26000,0.5504956026837506
27000,0.5326185425142294
28000,0.5606814627828431
29000,0.5452079492644903
30000,0.5464774747587035
31000,0.5508779151617883
32000,0.5505569666575398
33000,0.5550370962940636
34000,0.552167770969506
35000,0.5478759765078565
36000,0.549492889239706
37000,0.5495828368882161
38000,0.5506699491108006
39000,0.5613443429130766
40000,0.5529170083029746
41000,0.5462213874152002
42000,0.5561690657680046
43000,0.5515829480521321
44000,0.550848632049676
45000,0.5593998137071823
46000,0.552811253369423
47000,0.5450636786452625
48000,0.5494274685290478
49000,0.5594243406450342
50000,0.5623502737691207
51000,0.5620386977259145
52000,0.5647285007867272
53000,0.5678904707157688
54000,0.5652612389330353
55000,0.5750472539901504
56000,0.5558110937111812
57000,0.542949838961535
58000,0.5410162209789438
59000,0.537069155892844
60000,0.5571091096217965
61000,0.5510326307127248
62000,0.5561423938888197
63000,0.5365114245170898
64000,0.5637621580870257
65000,0.5576309831739611
66000,0.562804581669294
67000,0.5673393606806514
68000,0.5580288231620837
69000,0.5577118381363855
70000,0.5741166292265603
71000,0.5466868396844735
72000,0.5415488192377736
73000,0.538049627227848
74000,0.5561850129405244
75000,0.5539499374423197
76000,0.5505873222403185
77000,0.5620609864641146
78000,0.5462743115111354
79000,0.5472907805572073
80000,0.5532878500077963
81000,0.555574917018748
82000,0.5450862937875784
83000,0.5423762070424206
84000,0.5408052240325941
85000,0.5551822528673203
86000,0.55070263615155
87000,0.5555434423361433
88000,0.5557074837189627
89000,0.5698368650880395
90000,0.5586004966565028
91000,0.5651118857354314
92000,0.5479987510845943
93000,0.5503434983657413
94000,0.5676077581222401
95000,0.5494796931875917
96000,0.5426826072489318
97000,0.5513535792169734
98000,0.5512347214896263
99000,0.5495342959332659
100000,0.5491442896439248
101000,0.5496211660572546
102000,0.5440245478277154
103000,0.5520079728401933
104000,0.5524164909058218
105000,0.5483096743195687
106000,0.5504991931290255
107000,0.5599405254397503
108000,0.5637601996623303
109000,0.5638319619386688
110000,0.5642273305813426
111000,0.563002662338486
112000,0.5610426056225067
113000,0.5491685834359796
114000,0.5566326528709014
115000,0.5604626787668714
116000,0.5538918375096895
117000,0.542563656263266
118000,0.5474267045568999
119000,0.5508945151425397
120000,0.5462660581499191
121000,0.5505571531741774
122000,0.5415731130298285
123000,0.5422908756806925
124000,0.5498519803963553
125000,0.537352241519648
126000,0.5464946342893678
127000,0.5499361460290981
128000,0.5444812338150188
129000,0.5541915231172451
130000,0.5492815192600811
131000,0.54911043687419
132000,0.5637239688054654
133000,0.5603775805509403
134000,0.5509295336412598
135000,0.5474272641068129
136000,0.5396289568572096
137000,0.5367671854564771
138000,0.5480218325185043
139000,0.5498146304396645
140000,0.5534546425110213
141000,0.5589007884431307
142000,0.5637979692814559
143000,0.5517359849533298
144000,0.5441613111522774
145000,0.5630435561112922
146000,0.5529045116882516
147000,0.5559566699468727
148000,0.5410644355297781
149000,0.549814350664708
150000,0.5496063846137204
151000,0.5574598541589106
152000,0.5513098876946021
153000,0.5497865130565377
154000,0.572071241148853
155000,0.5427817408418466
156000,0.5445560736158787
157000,0.5556983444037175
158000,0.5527285332406221
159000,0.5320298027474647
160000,0.5591067494402636
161000,0.5480640785369336
162000,0.5489019579024488
163000,0.5580045759991883
164000,0.5625348319820824
165000,0.5606411751891092
166000,0.5514821358094785
167000,0.5548162139659182
168000,0.5586891386885493
169000,0.5588585890538608
170000,0.5602866536900825
171000,0.5542139983720827
172000,0.5467883513645184
173000,0.5726182944471012
174000,0.5837026518189475
175000,0.5801110408150628
176000,0.5605800909902765
177000,0.5645593301963722
178000,0.5612992525159229
179000,0.548437018553929
180000,0.5586736578076238
181000,0.5667073490539503
182000,0.5539177633223239
183000,0.5522718472533187
184000,0.5563658874498923
185000,0.5511683681957797
186000,0.5654162342589284
187000,0.5524942217145654
188000,0.5481034801766387
189000,0.5465408437863474
190000,0.5684294105402791
191000,0.5521268305675403
192000,0.5597044886347952
193000,0.5601219128698718
194000,0.5595708960930733
195000,0.5543509482132826
196000,0.5545404957463016
197000,0.5678379196531089
198000,0.5575780590780258
199000,0.5387331174465425
200000,0.5426032910487681
