matched,name,area,total,same_municipality,total_edu,sc,sc_edu,gap,single_settlement,area_km2,pop_ghsl,deg_urb,deg_city,area_urb,clipped
ALEKSANDROVAC,Александровац,Расинска област,3160.0,2272.0,1726.0,0.7189873417721518,0.8279258400926999,0.10893849832054803,False,386.2752344075639,22001.14862499223,0.27158456437340567,0.0,0.012923904052936312,False
ALEKSINAC,Алексинац,Нишавска област,6938.0,4205.0,2528.0,0.6060824445085039,0.6902689873417721,0.08418654283326821,False,706.3499843883253,46847.10521146617,0.47097985114342306,0.0,0.025456088247772592,False
ARANDELOVAC,Аранђеловац,Шумадијска област,6756.0,4196.0,2167.0,0.6210775606867969,0.7120443008767882,0.09096674018999129,False,375.4736241664066,42489.27935310267,0.5880747292820788,0.0,0.042570174271650926,False
ARILJE,Ариље,Златиборска област,2610.0,1963.0,1463.0,0.7521072796934866,0.7546138072453862,0.0025065275518996177,False,348.8782591714246,15416.264768720604,0.46730893575372323,0.0,0.02290753944391948,False
BABUSNICA,Бабушница,Пиротска област,980.0,621.0,386.0,0.6336734693877552,0.6010362694300518,-0.03263719995770331,False,528.4862339700688,8785.689420588897,0.0,0.0,0.0,False
BAJINABASTA,Бајина Башта,Златиборска област,3414.0,2760.0,1587.0,0.8084358523725835,0.9231253938248267,0.1146895414522432,False,672.9501002460248,20822.85035228182,0.4978356244493731,0.0,0.011495789332976875,False
BATOCINA,Баточина,Шумадијска област,1591.0,559.0,505.0,0.35135135135135137,0.46534653465346537,0.113995183302114,False,135.5725277243966,10825.611033469206,0.0,0.0,0.0,False
BELAPALANKA,Бела Паланка,Пиротска област,1132.0,266.0,320.0,0.23498233215547704,0.328125,0.09314266784452296,False,516.6518813039316,8898.268772370415,0.6548797438847026,0.0,0.007733054943355373,False
BARAJEVO,Барајево,Београдска област (Град Београд),7035.0,1181.0,2420.0,0.16787491115849326,0.3896694214876033,0.22179451032911005,False,212.7849302623921,31864.161169832572,0.3839950590414984,0.0,0.12698487268627268,False
VOZDOVAC,Вождовац,Београдска област (Град Београд),9659.0,1677.0,1966.0,0.17362045760430686,0.40386571719226855,0.2302452595879617,False,148.26613143840365,183068.8224178194,0.9045394278540316,0.850535051797359,0.23115780965851687,False
VRACAR,Врачар,Београдска област (Град Београд),1329.0,0.0,49.0,0.0,0.0,0.0,True,2.9109949913782143,64322.86791610718,1.0,1.0,1.0,False
GROCKA,Гроцка,Београдска област (Град Београд),22990.0,3579.0,8066.0,0.1556763810352327,0.2977932060500868,0.1421168250148541,False,299.4594835149629,99188.12193336757,0.7426956924585219,0.31648390475888216,0.14631786179051687,False
ZVEZDARA,Звездара,Београдска област (Град Београд),5096.0,0.0,308.0,0.0,0.0,0.0,True,31.085715220945477,175190.76147565246,0.9981085003155928,0.9969963074542121,0.822129302026375,False
ZEMUN,Земун,Београдска област (Град Београд),9407.0,1317.0,1455.0,0.14000212607632614,0.3745704467353952,0.23456832065906905,False,149.68224948582562,179998.8886642349,0.9788568567159397,0.5830655632227397,0.4557164786758326,False
LAZAREVAC,Лазаревац,Београдска област (Град Београд),14752.0,11001.0,3786.0,0.7457293926247288,0.561014263074485,-0.18471512955024383,False,382.7181631668489,66179.94636589522,0.5802620241550274,0.0,0.08597911227154047,False
MLADENOVAC,Младеновац,Београдска област (Град Београд),10663.0,3762.0,3657.0,0.3528087780174435,0.5127153404429861,0.15990656242554258,False,338.75085029683476,55473.053762423806,0.6129719229465876,0.0,0.07970009150751248,False
NOVIBEOGRAD,Нови Београд,Београдска област (Град Београд),6706.0,0.0,255.0,0.0,0.0,0.0,True,40.68733333307924,241011.05801213952,0.996151579518832,0.9883471006130076,0.8641944990176817,False
OBRENOVAC,Обреновац,Београдска област (Град Београд),18567.0,9323.0,6113.0,0.5021274303872462,0.5903811549157533,0.0882537245285071,False,409.42065765880307,82291.93303969456,0.6386641478793055,0.0,0.09193213719028438,False
PALILULA@BEOGRADSKAOBLASTGRADBEOGRAD,Палилула,Београдска област (Град Београд),23447.0,6267.0,6577.0,0.2672836610227321,0.383305458415691,0.11602179739295893,False,450.35109874449586,194561.786043657,0.9145614516800127,0.7978554149296175,0.1612452294310819,False
RAKOVICA,Раковица,Београдска област (Град Београд),2678.0,0.0,126.0,0.0,0.0,0.0,True,30.025017863697094,126519.32238183357,0.9997257741995149,0.9755990574990281,0.8876292097365789,False
SAVSKIVENAC,Савски венац,Београдска област (Град Београд),883.0,0.0,54.0,0.0,0.0,0.0,True,14.082203227296393,46008.53144028736,1.0,1.0,1.0,False
SOPOT,Сопот,Београдска област (Град Београд),5027.0,1336.0,1897.0,0.2657648697036006,0.580917237743806,0.3151523680402054,False,270.5055282546124,22967.5906892051,0.0,0.0,0.0,False
STARIGRAD,Стари град,Београдска област (Град Београд),1055.0,0.0,32.0,0.0,0.0,0.0,True,5.37562263265473,50754.77168251295,1.0,1.0,0.9758364312267658,False
CUKARICA,Чукарица,Београдска област (Град Београд),14997.0,2765.0,3434.0,0.1843702073748083,0.29615608619685496,0.11178587882204666,False,156.90632349661797,210373.50156970415,0.9701197103532873,0.5705599784300784,0.4690784026495128,False
BLACE,Блаце,Топличка област,1122.0,755.0,446.0,0.6729055258467023,0.8251121076233184,0.15220658177661617,False,305.91350236046793,9023.472359403502,0.0,0.0,0.0,False
POZAREVAC,Пожаревац,Браничевска област,7213.0,2500.0,1730.0,0.34659642312491334,0.508092485549133,0.16149606242421966,False,378.3446713639287,51674.62427660159,0.6626513822674347,0.0,0.052802492277635504,False
POZEGA,Пожега,Златиборска област,4603.0,2597.0,1633.0,0.5641972626547903,0.782608695652174,0.21841143299738364,False,426.14167600121255,23966.162412824808,0.42148055781472404,0.0,0.02344500972967904,False
PRESEVO,Прешево,Пчињска област,1144.0,1014.0,1442.0,0.8863636363636364,0.8224687933425797,-0.06389484302105664,False,264.51938389624235,20852.67193185026,0.43273267901097706,0.0,0.026426063649061873,False
PRIBOJ,Прибој,Златиборска област,2322.0,1624.0,981.0,0.6993970714900948,0.8634046890927625,0.1640076176026677,False,552.7207921152943,21678.032204990275,0.6179392049772195,0.0,0.016271921894774905,False
PRIJEPOLJE,Пријепоље,Златиборска област,3541.0,3022.0,2258.0,0.8534312341146568,0.9614703277236493,0.10803909360899244,False,826.9451536830248,29779.364952256903,0.594556746105742,0.0,0.02537243104135706,False
PROKUPLJE,Прокупље,Топличка област,4359.0,2682.0,1541.0,0.6152787336545079,0.6690460739779364,0.05376734032342845,False,758.331089057584,34986.005604351114,0.602765254542631,0.0,0.01580631989357078,False
RAZANJ,Ражањ,Нишавска област,1015.0,347.0,346.0,0.341871921182266,0.5780346820809249,0.2361627608986589,False,288.5122780249809,7946.62847983907,0.0,0.0,0.0,False
RACA,Рача,Шумадијска област,1745.0,1195.0,703.0,0.6848137535816619,0.701280227596017,0.016466474014355192,False,215.4333482617626,10283.303935648873,0.0,0.0,0.0,False
RASKA,Рашка,Рашка област,4392.0,3434.0,1592.0,0.7818761384335154,0.8636934673366834,0.08181732890316795,False,669.6843536703298,25187.04202172674,0.4307725807115651,0.0,0.008948278947682397,False
REKOVAC,Рековац,Поморавска област,857.0,488.0,348.0,0.5694282380396732,0.7040229885057471,0.13459475046607383,False,365.9019459790014,9026.20520429057,0.0,0.0,0.0,False
JAGODINA,Јагодина,Поморавска област,8576.0,6258.0,3183.0,0.7297108208955224,0.7668865849827207,0.03717576408719825,False,469.2341341320648,63214.02282464667,0.6727585668479767,0.0,0.0680831133441199,False
SVILAJNAC,Свилајнац,Поморавска област,2119.0,1644.0,831.0,0.7758376592732421,0.7436823104693141,-0.03215534880392801,False,325.8564963300368,20048.563500569668,0.322970803039823,0.0,0.018399828268269497,False
SVRLJIG,Сврљиг,Нишавска област,988.0,408.0,419.0,0.41295546558704455,0.4200477326968974,0.0070922671098528345,False,496.90351369990225,12484.561171206878,0.5145669918482872,0.0,0.012061513719971856,False
SJENICA,Сјеница,Златиборска област,847.0,763.0,1420.0,0.9008264462809917,0.7838028169014084,-0.11702362937958333,False,1057.9835077738464,21559.10706130648,0.4753522805263838,0.0,0.0066090733135061135,False
SMEDEREVO,Смедерево,Подунавска област,13912.0,9075.0,3585.0,0.6523145485911443,0.6326359832635984,-0.01967856532754597,False,483.88610905978544,99900.46333155257,0.6868260266079443,0.0,0.08280189049181681,False
SMEDEREVSKAPALANKA,Смедеревска Паланка,Подунавска област,5865.0,2303.0,1693.0,0.3926683716965047,0.6113408151210868,0.21867244342458214,False,421.022516888278,42804.519749039784,0.4586334675308979,0.0,0.030835646006783842,False
SOKOBANJA,Сокобања,Зајечарска област,1154.0,916.0,416.0,0.7937608318890814,0.8076923076923077,0.01393147580322629,False,525.073284412491,11776.247122283094,0.0,0.0,0.0,False
SURDULICA,Сурдулица,Пчињска област,2256.0,1293.0,855.0,0.5731382978723404,0.7614035087719299,0.18826521089958947,False,628.0447170711018,16631.95357607698,0.6299271381507354,0.0,0.01507897373904468,False
TOPOLA,Топола,Шумадијска област,2761.0,1411.0,1295.0,0.5110467222021007,0.6501930501930502,0.1391463279909495,False,356.36988739689,19900.042734482093,0.0,0.0,0.0,False
TRGOVISTE,Трговиште,Пчињска област,426.0,269.0,124.0,0.6314553990610329,0.7096774193548387,0.07822202029380587,False,370.4034894840964,3891.1515844597016,0.0,0.0,0.0,False
TRSTENIK,Трстеник,Расинска област,4815.0,3196.0,1861.0,0.6637590861889927,0.8183772165502418,0.15461813036124905,False,447.67387602957285,35251.854715444846,0.3561222925664947,0.0,0.024926359010979202,False
TUTIN,Тутин,Рашка област,1057.0,793.0,3408.0,0.750236518448439,0.7992957746478874,0.0490592561994484,False,741.1801995210451,33378.102955452516,0.42492365293048445,0.0,0.012129707000188684,False
CICEVAC,Ћићевац,Расинска област,1377.0,596.0,409.0,0.4328249818445897,0.4180929095354523,-0.014732072309137367,False,123.57426022030647,7799.388085687999,0.0,0.0,0.0,False
CUPRIJA,Ћуприја,Поморавска област,2343.0,1051.0,902.0,0.4485702091335894,0.4722838137472284,0.023713604613638972,False,287.7615740231071,25996.170277920202,0.5667440245044649,0.0,0.03479649951382136,False
UB,Уб,Колубарска област,4997.0,2590.0,2267.0,0.5183109865919552,0.7437141596823996,0.22540317309044444,False,455.91511310785984,23190.86712715146,0.22764889838885108,0.0,0.010962508221881167,False
CRNATRAVA,Црна Трава,Јабланичка област,89.0,51.0,15.0,0.5730337078651685,0.7333333333333333,0.16029962546816479,False,311.8594490733634,1147.5433832644485,0.0,0.0,0.0,False
CACAK,Чачак,Моравичка област,13946.0,10956.0,5334.0,0.7856016061953248,0.8586426696662918,0.07304106347096695,False,635.8739164948404,113541.2054969857,0.7009922640089137,0.610555493565047,0.0644016147526821,False
SABAC,Шабац,Мачванска област,15038.0,10845.0,5089.0,0.7211730283282352,0.8176459029278836,0.09647287459964848,False,796.9337909129022,101128.20323869307,0.6226638668849889,0.0,0.04746617173097904,False
LAPOVO,Лапово,Шумадијска област,754.0,180.0,168.0,0.23872679045092837,0.21428571428571427,-0.0244410761652141,False,54.91714713711052,7179.554628319573,0.8471754571634273,0.0,0.10901162790697674,False
NISKABANJA,Нишка Бања,Нишавска област,3488.0,329.0,1233.0,0.09432339449541284,0.3398215733982157,0.2454981789028029,False,146.16406844058002,16635.454986250727,0.6171548378056064,0.11864952632881258,0.056041552761071624,False
SURCIN,Сурчин,Београдска област (Град Београд),12651.0,2556.0,3757.0,0.20203936447711643,0.08810220920947565,-0.11393715526764078,False,288.3722250670607,52166.8171880045,0.7368476851642507,0.09030772974432626,0.15585270377940208,False
PANTELEJ,Пантелеј,Нишавска област,7593.0,1186.0,2419.0,0.15619649677334388,0.329888383629599,0.1736918868562551,False,138.8432557723974,48574.26771128038,0.809862483849919,0.7884098399361441,0.07768666378938283,False
CRVENIKRST,Црвени крст,Нишавска област,5573.0,1670.0,1631.0,0.29965907051857166,0.49540159411404044,0.1957425235954688,False,183.67227969923687,38531.36576643493,0.6660298762928062,0.5448203662997112,0.10767724032863595,False
KOSTOLAC,Костолац,Браничевска област,1847.0,662.0,582.0,0.35841905793178125,0.563573883161512,0.20515482522973078,False,101.3212118465566,11428.109494892415,0.682568747517517,0.0,0.07844104588061174,False
VRANJSKABANJA,Врањска Бања,Пчињска област,1226.0,181.0,531.0,0.14763458401305057,0.2975517890772128,0.14991720506416223,False,258.2232345242896,7949.245609529782,0.0,0.0,7.733353955610548e-05,False
SEVOJNO,Севојно,Златиборска област,1442.0,0.0,310.0,0.0,0.0,0.0,True,19.5741034929397,5764.966186932288,0.0,0.0,0.0,False
ADA,Ада,Севернобанатска област,1433.0,936.0,318.0,0.6531751570132589,0.3081761006289308,-0.3449990563843281,False,226.89272872596294,13075.534713668283,0.4956271940856807,0.0,0.030839721561371047,False
ALIBUNAR,Алибунар,Јужнобанатска област,2246.0,927.0,724.0,0.41273374888691006,0.2265193370165746,-0.18621441187033547,False,600.448010192348,16650.119755466236,0.0,0.0,0.0,False
APATIN,Апатин,Западнобачка област,2134.0,757.0,562.0,0.3547328959700094,0.2846975088967972,-0.07003538707321222,False,380.3637220899544,21693.634236354614,0.5629919032479183,0.0,0.024416526492851136,False
BAC,Бач,Јужнобачка област,1002.0,442.0,322.0,0.4411177644710579,0.2236024844720497,-0.2175152799990082,False,367.2678113463668,14008.937021022663,0.0,0.0,0.0035933033891384237,False
BACKAPALANKA,Бачка Паланка,Јужнобачка област,6469.0,3255.0,1692.0,0.5031689596537332,0.32978723404255317,-0.17338172561118004,False,589.4959650186547,54678.11783283646,0.4757506982213839,0.0,0.022043612439380064,False
BACKATOPOLA,Бачка Топола,Севернобачка област,3247.0,1758.0,992.0,0.5414228518632584,0.6038306451612904,0.06240779329803192,False,595.6510158336102,27349.62454849924,0.4051971015176538,0.0,0.018462571332661968,False
BACKIPETROVAC,Бачки Петровац,Јужнобачка област,1743.0,737.0,505.0,0.4228341939185313,0.17227722772277226,-0.250556966195759,False,158.25689994221318,13196.7879580874,0.3809388208287069,0.0,0.031579612202362155,False
BELACRKVA,Бела Црква,Јужнобанатска област,1379.0,814.0,468.0,0.5902828136330674,0.7264957264957265,0.13621291286265902,False,353.14431421072214,14194.95312557253,0.4496326548330862,0.0,0.011312217194570135,False
BEOCIN,Беочин,Јужнобачка област,3020.0,673.0,1059.0,0.2228476821192053,0.18696883852691218,-0.035878843592293125,False,184.10487262434776,15859.884048962034,0.4411830642055969,0.0,0.03689615823507037,False
BECEJ,Бечеј,Јужнобачка област,2775.0,966.0,670.0,0.3481081081081081,0.3850746268656716,0.036966518757563516,False,486.1963040936205,36698.92665929836,0.720479753980679,0.0,0.03818723666632412,False
VRSAC,Вршац,Јужнобанатска област,3537.0,2462.0,1036.0,0.6960701159174442,0.637065637065637,-0.05900447885180715,False,798.4757127170521,44310.19785352255,0.6524957055885712,0.0,0.020023277059581762,False
ZABALJ,Жабаљ,Јужнобачка област,4225.0,592.0,1154.0,0.14011834319526628,0.18197573656845753,0.04185739337319125,False,399.5664321216777,26048.899211629992,0.5934389537640934,0.0,0.03810167116981887,False
ZITISTE,Житиште,Средњобанатска област,1712.0,553.0,674.0,0.3230140186915888,0.23887240356083086,-0.08414161513075794,False,524.578227424369,12808.425885909819,0.0,0.0,0.0,False
ZRENJANIN,Зрењанин,Средњобанатска област,12550.0,7362.0,2373.0,0.5866135458167331,0.6784660766961652,0.09185253087943213,False,1325.1030564141076,109633.36207161285,0.6394927138461248,0.5279035882445584,0.02848263585070754,False
INDIJA,Инђија,Сремска област,7343.0,3417.0,1682.0,0.4653411412229334,0.375743162901308,-0.08959797832162542,False,384.37884851816915,39963.569351109676,0.5019974384666536,0.0,0.031184220784283154,False
IRIG,Ириг,Сремска област,1557.0,273.0,494.0,0.17533718689788053,0.2631578947368421,0.08782070783896156,False,229.92131255140177,8921.154625430121,0.0,0.0,0.0,False
KANJIZA,Кањижа,Севернобанатска област,2489.0,925.0,836.0,0.37163519485737245,0.2595693779904306,-0.11206581686694184,False,398.27876483301264,19628.109138083877,0.36848461565670426,0.0,0.018517589200582125,False
KIKINDA,Кикинда,Севернобанатска област,5450.0,3444.0,831.0,0.6319266055045871,0.7015643802647413,0.0696377747601542,False,781.5859382646167,45635.13836793206,0.5825467251446594,0.0,0.023019963423835894,False
KOVACICA,Ковачица,Јужнобанатска област,2264.0,851.0,736.0,0.3758833922261484,0.17798913043478262,-0.1978942617913658,False,418.2620942670618,21115.441880588187,0.0,0.0,0.0,False
KOVIN,Ковин,Јужнобанатска област,4204.0,1482.0,1146.0,0.3525214081826832,0.26090750436300175,-0.09161390381968143,False,735.5509435564425,28267.413540893,0.31877310299991274,0.0,0.009414481728026083,False
KULA,Кула,Западнобачка област,4290.0,1524.0,1175.0,0.35524475524475524,0.38638297872340427,0.03113822347864903,False,481.1925380296444,32446.349320435198,0.7117981719055008,0.0,0.04570668771944404,False
MALIIDOS,Мали Иђош,Севернобачка област,1326.0,426.0,398.0,0.3212669683257919,0.07537688442211055,-0.24589008390368133,False,181.07620247301125,9958.8665446823,0.0,0.0,0.0,False
NOVACRNJA,Нова Црња,Средњобанатска област,996.0,333.0,239.0,0.33433734939759036,0.35564853556485354,0.021311186167263185,False,272.40719806441865,7754.164452737197,0.0,0.0,0.0,False
NOVIBECEJ,Нови Бечеј,Средњобанатска област,2595.0,467.0,562.0,0.17996146435452795,0.25622775800711745,0.0762662936525895,False,608.1789920444633,18670.68163739587,0.4465516779462389,0.0,0.013461980998717907,False
NOVIKNEZEVAC,Нови Кнежевац,Севернобанатска област,1126.0,250.0,242.0,0.22202486678507993,0.4628099173553719,0.24078505057029198,False,305.1686851580044,8579.162865809165,4.238406569582979e-06,0.0,0.002030722871835184,False
OPOVO,Опово,Јужнобанатска област,2118.0,257.0,518.0,0.12134088762983947,0.09266409266409266,-0.028676794965746807,False,203.1207571556645,8841.99062812049,0.0,0.0,0.0,False
ODZACI,Оџаци,Западнобачка област,3601.0,2089.0,769.0,0.5801166342682588,0.4226267880364109,-0.15748984623184786,False,410.89900035382215,22289.743924796116,0.268665538064211,0.0,0.012166338175535927,False
PANCEVO,Панчево,Јужнобанатска област,18817.0,7354.0,4775.0,0.39081681458255835,0.36712041884816754,-0.023696395734390807,False,755.2076928770906,117529.61379840411,0.715220490336828,0.5252621816046552,0.06622735633096476,False
PECINCI,Пећинци,Сремска област,4694.0,2703.0,1209.0,0.5758414997869621,0.4665012406947891,-0.10934025909217299,False,488.4163896375286,16383.740197596839,0.0,0.0,0.0,False
PLANDISTE,Пландиште,Јужнобанатска област,1200.0,513.0,389.0,0.4275,0.2467866323907455,-0.1807133676092545,False,383.0298942229088,9320.067706644535,0.0,0.0,0.0,False
RUMA,Рума,Сремска област,7374.0,2879.0,1946.0,0.39042582045023055,0.45889003083247687,0.06846421038224632,False,581.6619547154739,44928.939567253925,0.5714951916249007,0.0,0.034624967780737176,False
SENTA,Сента,Севернобанатска област,1324.0,327.0,369.0,0.24697885196374622,0.2601626016260163,0.013183749662270067,False,293.22891112174807,18070.555378559045,0.741858903025437,0.0,0.03293668382829282,False
SECANJ,Сечањ,Средњобанатска област,1486.0,568.0,330.0,0.3822341857335128,0.5151515151515151,0.13291732941800233,False,522.3394595000717,10006.726481652586,0.0,0.0,0.0,False
SOMBOR,Сомбор,Западнобачка област,6049.0,3743.0,1386.0,0.6187799636303521,0.7359307359307359,0.11715077230038373,False,1216.0979587687598,70153.19064584305,0.47548596492375456,0.0,0.013155947310431022,False
SRBOBRAN,Србобран,Јужнобачка област,1988.0,247.0,609.0,0.12424547283702213,0.052545155993431854,-0.07170031684359027,False,283.9392362291127,16050.924657446332,0.6326180116177734,0.0,0.0316700682665916,False
SREMSKAMITROVICA,Сремска Митровица,Сремска област,11189.0,6531.0,2353.0,0.5836982750916079,0.7713557161070973,0.18765744101548942,False,760.8808678929839,66704.41685131774,0.6381558142070851,0.0,0.043337229306473005,False
SREMSKIKARLOVCI,Сремски Карловци,Јужнобачка област,1785.0,0.0,485.0,0.0,0.0,0.0,True,50.537705963631616,8832.341067059431,0.7604431002370438,0.0,0.0791295746785361,False
STARAPAZOVA,Стара Пазова,Сремска област,13050.0,5424.0,3552.0,0.41563218390804596,0.3454391891891892,-0.07019299471885676,False,344.27732847945305,55807.96882881061,0.6996880733077845,0.0,0.08664731494920175,False
SUBOTICA,Суботица,Севернобачка област,10869.0,8580.0,2621.0,0.7894010488545404,0.8202975963372758,0.030896547482735404,False,1006.9015084292495,133670.35740416218,0.8084609614657172,0.5786321335038166,0.06453598625879924,False
TEMERIN,Темерин,Јужнобачка област,5033.0,998.0,1523.0,0.19829127756805087,0.170059093893631,-0.028232183674419875,False,169.52531392539683,28720.997369058896,0.8339411869449167,0.0,0.10018268607460663,False
TITEL,Тител,Јужнобачка област,2453.0,238.0,732.0,0.09702405218100285,0.18442622950819673,0.08740217732719388,False,260.59990029680495,15551.519827715587,0.28746295934837857,0.0,0.016262033521267212,False
VRBAS,Врбас,Јужнобачка област,5451.0,1384.0,1349.0,0.25389836727206017,0.2223869532987398,-0.03151141397332036,False,375.32603938396585,41449.72856337018,0.5120606800994525,0.0,0.03197356851669287,False
COKA,Чока,Севернобанатска област,1723.0,461.0,276.0,0.2675565873476494,0.26811594202898553,0.0005593546813361105,False,321.49334965761557,8522.690634569852,0.00023550039528050956,0.0,0.0010568195946786024,False
SID,Шид,Сремска област,3310.0,2079.0,957.0,0.6280966767371601,0.6436781609195402,0.015581484182380145,False,686.6850753657337,27899.879156660987,0.40557758408285816,0.0,0.013099483298158795,False
NOVISAD,Нови Сад,Јужнобачка област,45760.0,33162.0,11701.0,0.7246940559440559,0.8830869156482352,0.15839285970417927,False,698.8160664893946,393592.335425213,0.9259233451898362,0.7260166830964024,0.19338644392636983,False
MIONICA,Мионица,Колубарска област,2347.0,1333.0,1318.0,0.5679590967192161,0.6919575113808801,0.12399841466166406,False,329.3859225667537,11275.689567422494,0.0,0.0,0.0,False
NEGOTIN,Неготин,Борска област,2439.0,2044.0,562.0,0.8380483804838048,0.9039145907473309,0.06586621026352613,False,1089.3636792901966,26233.463226772496,0.38348582147870874,0.0,0.005504637657226213,False
NOVAVAROS,Нова Варош,Златиборска област,1313.0,780.0,369.0,0.594059405940594,0.8509485094850948,0.2568891035445008,False,581.2305512772896,13008.905492969207,0.5024815626292692,0.0,0.008592541673827118,False
NOVIPAZAR,Нови Пазар,Рашка област,4574.0,4058.0,6256.0,0.8871884564932225,0.9755434782608695,0.08835502176764698,False,741.865955113719,118826.93602782744,0.8170453775047244,0.7669752216574961,0.0376936849615659,False
OSECINA,Осечина,Колубарска област,1028.0,661.0,620.0,0.6429961089494164,0.6693548387096774,0.02635872976026099,False,318.5692070985847,9707.40754862409,0.0,0.0,0.0,False
PARACIN,Параћин,Поморавска област,5885.0,3798.0,2022.0,0.6453695836873407,0.7309594460929772,0.0855898624056366,False,540.8193572672484,46283.05579780508,0.49021821116845576,0.0,0.027709018361842835,False
PETROVACNAMLAVI,Петровац на Млави,Браничевска област,2309.0,1886.0,1171.0,0.8168038111736683,0.8129803586678053,-0.003823452505863023,False,654.4960461363327,25235.985120433965,0.20931595593160315,0.0,0.010682782406983487,False
PIROT,Пирот,Пиротска област,4538.0,3376.0,1407.0,0.74394006170119,0.8798862828713575,0.13594622117016752,False,1231.700426417771,43607.354841074906,0.7407181854717769,0.0,0.015412445143863007,False
PALILULA@NISAVSKAOBLAST,Палилула,Нишавска област,7727.0,2026.0,1878.0,0.26219748932315257,0.36315228966986157,0.100954800346709,False,116.52194063436853,87298.67801512126,0.9226674925933359,0.7083161334892422,0.29165594717434185,False
MEDIJANA,Медијана,Нишавска област,5768.0,713.0,472.0,0.1236130374479889,0.5169491525423728,0.39333611509438393,False,10.773190598885593,94651.74997519841,0.9976325019861259,0.9915465235988649,0.9412861136999068,False
CAJETINA,Чајетина,Златиборска област,2769.0,1978.0,868.0,0.7143373058866017,0.45276497695852536,-0.26157232892807636,False,646.283151906209,12101.676711539272,0.0,0.0,0.0,False
UZICE,Ужице,Златиборска област,8146.0,2525.0,1573.0,0.3099680824944758,0.8143674507310871,0.5043993682366112,False,647.1173723834086,66226.30377238174,0.7523280661168877,0.0,0.024703175902051906,False
BOGATIC,Богатић,Мачванска област,2996.0,952.0,1432.0,0.3177570093457944,0.5516759776536313,0.23391896830783693,False,384.1177028757253,22672.43485729629,0.0,0.0,0.0,False
BOJNIK,Бојник,Јабланичка област,1138.0,491.0,564.0,0.4314586994727592,0.7393617021276596,0.3079030026549004,False,263.6929661438217,8491.066512661928,0.0,0.0,0.0,False
BOLJEVAC,Бољевац,Зајечарска област,1485.0,760.0,399.0,0.5117845117845118,0.8646616541353384,0.35287714235082657,False,827.1312762125344,9392.741711602313,0.0,0.0,0.0,False
BOR,Бор,Борска област,3689.0,3002.0,869.0,0.8137706695581458,0.856156501726122,0.0423858321679762,False,855.8483687574362,34624.74167750939,0.6556411300460537,0.0,0.014011980243107857,False
BOSILEGRAD,Босилеград,Пчињска област,558.0,484.0,240.0,0.8673835125448028,0.9083333333333333,0.04094982078853049,False,570.934581205263,6408.215093920473,0.0,0.0,0.0,False
BRUS,Брус,Расинска област,2014.0,1406.0,871.0,0.6981132075471698,0.8771526980482205,0.17903949050105072,False,605.4361794521591,13377.84116464341,0.0,0.0,0.0,False
BUJANOVAC,Бујановац,Пчињска област,2800.0,1786.0,1779.0,0.6378571428571429,0.7374929735806633,0.09963583072352045,False,460.5442246501413,10877.039315465838,0.0,0.0,0.0,False
VALJEVO,Ваљево,Колубарска област,9079.0,6454.0,3132.0,0.7108712413261372,0.7911877394636015,0.08031649813746433,False,904.753150267069,81816.16474343446,0.7038265500459518,0.0,0.030919410764372005,False
VARVARIN,Варварин,Расинска област,1520.0,779.0,909.0,0.5125,0.746974697469747,0.23447469746974703,False,249.17525843710123,14863.563631714787,0.0,0.0,0.0,False
VELIKAPLANA,Велика Плана,Подунавска област,4838.0,2117.0,1286.0,0.437577511368334,0.5637636080870918,0.1261860967187578,False,344.92649391436885,35030.47291210713,0.3421819030614667,0.0,0.028967874627038613,False
VELIKOGRADISTE,Велико Градиште,Браничевска област,1280.0,618.0,698.0,0.4828125,0.666189111747851,0.18337661174785103,False,342.68485349908576,13913.606872578384,0.0,0.0,0.00029161320424588824,False
VLADIMIRCI,Владимирци,Мачванска област,2364.0,804.0,1152.0,0.3401015228426396,0.6493055555555556,0.30920403271291597,False,337.40889701172364,13518.604869931703,0.0,0.0,0.0,False
VLADICINHAN,Владичин Хан,Пчињска област,2888.0,1736.0,1028.0,0.6011080332409973,0.7645914396887159,0.16348340644771864,False,365.6120982446117,16933.722728148103,0.4820419721323169,0.0,0.023293326407305137,False
VLASOTINCE,Власотинце,Јабланичка област,2904.0,1659.0,1110.0,0.5712809917355371,0.6720720720720721,0.10079108033653494,False,307.76867110467305,23320.125318010454,0.5635517007923142,0.0,0.03569690085997079,False
VRANJE,Врање,Пчињска област,6854.0,3698.0,1898.0,0.5395389553545374,0.8082191780821918,0.26868022272765435,False,599.645867164012,60000.2219868658,0.7742644032869584,0.0,0.03660465968324812,False
VRNJACKABANJA,Врњачка Бања,Рашка област,4660.0,3047.0,1648.0,0.653862660944206,0.6893203883495146,0.035457727405308614,False,238.46679862177538,29444.627792420797,0.6373085973150218,0.0,0.08658117509010142,False
GADZINHAN,Гаџин Хан,Нишавска област,1041.0,236.0,278.0,0.22670509125840538,0.23741007194244604,0.01070498068404066,False,324.58493564747,7240.125152537599,0.0,0.0,0.0,False
GOLUBAC,Голубац,Браничевска област,885.0,417.0,346.0,0.4711864406779661,0.5924855491329479,0.12129910845498182,False,367.07922928985374,6535.520100359339,0.0,0.0,0.0010620915032679738,False
GORNJIMILANOVAC,Горњи Милановац,Моравичка област,4743.0,2988.0,1694.0,0.6299810246679317,0.6546635182998819,0.024682493631950186,False,835.666263557441,38074.85377178155,0.5064762417279126,0.0,0.014349604190084424,False
DESPOTOVAC,Деспотовац,Поморавска област,2141.0,1703.0,807.0,0.79542269967305,0.7558859975216853,-0.03953670215136473,False,622.7864058430291,19604.984223283827,0.0,0.0,0.0,False
DIMITROVGRAD,Димитровград,Пиротска област,933.0,529.0,312.0,0.5669882100750268,0.6762820512820513,0.10929384120702457,False,482.9782762631264,7474.857051392726,0.0,0.0,0.0,False
DOLJEVAC,Дољевац,Нишавска област,3891.0,1470.0,1181.0,0.37779491133384735,0.3835732430143946,0.005778331680547255,False,121.16617084962138,16920.375702738296,0.39025212966090483,0.0,0.08070493288314255,False
ZABARI,Жабари,Браничевска област,929.0,295.0,399.0,0.317545748116254,0.3634085213032581,0.0458627731870041,False,263.6416859868666,9064.32299730205,0.0,0.0,0.0,False
ZAGUBICA,Жагубица,Браничевска област,930.0,647.0,374.0,0.6956989247311828,0.893048128342246,0.19734920361106323,False,759.5251014946964,10087.266382636037,0.0,0.0,0.0,False
ZITORADA,Житорађа,Топличка област,3031.0,394.0,1103.0,0.12999010227647642,0.6092475067996374,0.4792574045231609,False,213.78384926386815,12840.242511041695,0.0,0.0,0.0,False
ZAJECAR,Зајечар,Зајечарска област,4026.0,2529.0,827.0,0.6281669150521609,0.8681983071342201,0.24003139208205915,False,1068.772669858729,44396.771288365126,0.614015022316425,0.0,0.014023147542209674,False
IVANJICA,Ивањица,Моравичка област,3453.0,3032.0,1834.0,0.878077034462786,0.8675027262813523,-0.010574308181433678,False,1089.0721427406884,27103.957833162043,0.4469031972699404,0.0,0.008254987388213713,False
KLADOVO,Кладово,Борска област,1771.0,1558.0,477.0,0.8797289666854884,0.9433962264150944,0.06366725972960596,False,626.8997417002657,14717.214207705692,0.43002331704984437,0.2263601787760746,0.015016020276409546,False
KNIC,Кнић,Шумадијска област,2249.0,694.0,1021.0,0.308581591818586,0.633692458374143,0.325110866555557,False,412.7899715164737,12765.929362579947,0.0,0.0,0.0,False
KNJAZEVAC,Књажевац,Зајечарска област,2002.0,1418.0,682.0,0.7082917082917083,0.8519061583577713,0.143614450066063,False,1201.648903546764,22999.47998388775,0.5940176636972581,0.0,0.009144567295702054,False
KOSJERIC,Косјерић,Златиборска област,1349.0,1008.0,646.0,0.7472201630837657,0.8126934984520123,0.06547333536824662,False,358.3119686492145,9565.251893761917,0.0,0.0,0.0,False
KOCELJEVA,Коцељева,Мачванска област,1347.0,697.0,657.0,0.5174461766889383,0.7214611872146118,0.2040150105256735,False,257.1934774998059,10258.946087501245,0.0,0.0,0.0,False
KRAGUJEVAC,Крагујевац,Шумадијска област,11219.0,6034.0,3848.0,0.5378375969337731,0.8134095634095634,0.2755719664757903,False,834.1554017287615,188635.29703731625,0.8448464131453632,0.7368636705945696,0.08143810105510246,False
KRALJEVO,Краљево,Рашка област,17214.0,13988.0,5549.0,0.8125943999070524,0.8778158226707515,0.06522142276369913,False,1528.893243715512,134803.99303723965,0.6836959264541334,0.4945271793350729,0.04257779578076715,False
KRUPANJ,Крупањ,Мачванска област,1545.0,870.0,915.0,0.5631067961165048,0.7387978142076502,0.1756910180911454,False,341.68144586278993,13440.693686034065,0.0,0.0,0.0,False
KRUSEVAC,Крушевац,Расинска област,16925.0,14781.0,5978.0,0.8733234859675036,0.956339913014386,0.08301642704688239,False,853.3456910611953,115162.20892167196,0.6372651179993649,0.5044069311514889,0.04448502727634567,False
KURSUMLIJA,Куршумлија,Топличка област,1339.0,743.0,478.0,0.5548917102315161,0.5774058577405857,0.02251414750906966,False,950.9633074868129,14966.591537100263,0.6332511241402917,0.0,0.007350316063590734,False
KUCEVO,Кучево,Браничевска област,1144.0,771.0,441.0,0.673951048951049,0.8208616780045351,0.14691062905348617,False,720.6785341611657,12130.385483621852,0.0,0.0,0.0,False
LAJKOVAC,Лајковац,Колубарска област,3947.0,940.0,1368.0,0.23815556118571066,0.6937134502923976,0.45555788910668693,False,185.0598061669937,12336.210933876457,6.784967801717904e-05,0.0,0.000377725016188215,False
LEBANE,Лебане,Јабланичка област,2318.0,703.0,1026.0,0.30327868852459017,0.6676413255360624,0.3643626370114722,False,336.5886861124796,17066.778636036674,0.44475308366098637,0.0,0.017806267806267807,False
LESKOVAC,Лесковац,Јабланичка област,17973.0,14201.0,5920.0,0.7901296389027986,0.8782094594594595,0.08807982055666086,False,1024.373066925385,122520.49052458326,0.5659526184862664,0.0,0.0402757867431224,False
LOZNICA,Лозница,Мачванска област,12352.0,10294.0,4997.0,0.8333873056994818,0.8819291574944967,0.04854185179501491,False,611.7690051224067,63390.05388446688,0.4861217804966576,0.0,0.04620235586269993,False
LUCANI,Лучани,Моравичка област,3076.0,2066.0,1327.0,0.6716514954486346,0.7030896759608138,0.03143818051217928,False,454.0819613465348,17353.870071283774,0.0,0.0,0.0,False
LJIG,Љиг,Колубарска област,1882.0,714.0,934.0,0.3793836344314559,0.7002141327623126,0.3208304983308567,False,278.5937269231387,10028.728496169439,0.0,0.0,0.0,False
LJUBOVIJA,Љубовија,Мачванска област,1410.0,947.0,757.0,0.6716312056737589,0.49801849405548215,-0.17361271161827674,False,355.96000366349085,11230.690413369332,0.0,0.0,0.0,False
MAJDANPEK,Мајданпек,Борска област,1599.0,1196.0,368.0,0.7479674796747967,0.8777173913043478,0.12974991162955107,False,931.1601440318962,12840.691065419931,0.0,0.0,0.0,False
MALIZVORNIK,Мали Зворник,Мачванска област,1933.0,806.0,747.0,0.41696844283497153,0.4524765729585007,0.03550813012352916,False,183.81720766198086,9797.636724205688,0.2838787912395453,0.0,0.017018268812527184,False
MALOCRNICE,Мало Црниће,Браничевска област,999.0,281.0,464.0,0.28128128128128127,0.4375,0.15621871871871873,False,269.29427025371274,8959.352392081171,0.0,0.0,0.0,False
MEDVEDA,Медвеђа,Јабланичка област,701.0,569.0,347.0,0.81169757489301,0.8357348703170029,0.02403729542399291,False,523.9274217979165,5293.700803590706,0.0,0.0,0.0,False
MEROSINA,Мерошина,Нишавска област,2861.0,627.0,1040.0,0.21915414190842364,0.4048076923076923,0.18565355039926867,False,193.01915018560192,13278.33489062544,0.0,0.0,0.0,False
