reference,match,weight,iou,omission,commission,n_candidates,ttwa_name
E30000234,E02000001,1870321.0,0.6921010552993592,0.0620380137954929,0.2746971513623021,30,London
E30000239,E02001062,704885.0,0.5836209605831206,0.3993303872262851,0.04637675283900233,12,Manchester
E30000169,E02001876,438743.0,0.526501007586534,0.352103623305671,0.26246883278285305,11,Birmingham
E30000266,E02000524,401486.0,0.4449121513577061,0.5550878486422939,0.0,5,Slough and Heathrow
E30000230,E02006850,282568.0,0.7099105432432907,0.2852481526570595,0.009451035592197843,8,Leicester
E30000245,E02007099,273934.0,0.7267981934058173,0.0683120751713916,0.23229105566334285,3,Newcastle
E30000233,E02001377,267033.0,0.8410409745293467,0.1467796115086899,0.016689324787984683,8,Liverpool
E30000284,E02002598,233427.0,0.6674891936237025,0.3325108063762975,0.0,9,Warrington and Wigan
E30000288,E02002163,220051.0,0.6953019901231567,0.27187788285442915,0.0608811858555427,7,Wolverhampton and Walsall
E30000180,E02006951,219918.0,0.602747516850923,0.25303522221919084,0.2426068513993268,7,Bristol
E30000261,E02001632,219217.0,0.8781162957892606,0.06952927920736074,0.06021792715796259,4,Sheffield
E30000249,E02002898,212291.0,0.7801613654347818,0.029365352275885437,0.20097949877271826,3,Nottingham
E30000229,E02006875,205874.0,0.49921304103428893,0.007825174621370334,0.4988136686958208,2,Leeds
W22000024,W02000398,198195.0,0.6095722748974817,0.31523499583743286,0.15264258733181402,5,Cardiff
E30000186,E02003731,192802.0,0.5065755018911842,0.3678644412402361,0.28166092004833054,4,Cambridge
E30000237,E02003270,186113.0,0.4279795084279026,0.5515681333383482,0.09630439725834572,6,Luton
E30000195,E02001976,182624.0,0.4971690467846504,0.5028309532153497,0.0,9,Coventry
E30000267,E02003558,176761.0,0.7805637025029952,0.18544249014205627,0.05075158227848098,4,Southampton
E30000242,E02000001,166407.0,0.0636444505156302,0.07045376696893757,0.9360470500682184,5,Medway
E30000220,E02002680,160748.0,0.928706784987983,0.0,0.07129321501201702,1,Hull
E30000273,E02002968,159207.0,0.880207972270364,0.04298177843939022,0.08356339883433483,2,Stoke-on-Trent
E30000202,E02002021,157328.0,0.6520594155009499,0.3389924234719821,0.02033837632119373,4,Dudley
E30000196,E02006578,154876.0,0.6430047263617346,0.35699527363826544,0.0,5,Crawley
E30000212,E02006355,150961.0,0.5058355282411472,0.4275210153615835,0.18708318047991268,5,Guildford and Aldershot
E30000250,E02005945,148072.0,0.667193197001608,0.20413717650872554,0.19505331247737379,4,Oxford
E30000254,E02003525,144843.0,0.8409076459443308,0.08685266115725299,0.08598814147305567,3,Portsmouth
E30000268,E02004438,142043.0,0.4568741758623083,0.536541751441465,0.03015704646571793,4,Southend
E30000018,E02006875,138013.0,0.21046699444434583,0.31267344380601825,0.7672484229277233,6,Bradford
E30000093,E02002496,133072.0,0.7663175207756233,0.06866207767223753,0.18779613476548418,5,Middlesbrough and Stockton
E30000256,E02006939,129778.0,0.8518855275932746,0.14811447240672537,0.0,5,Reading
E30000200,E02002819,125989.0,0.7924768152597744,0.04501980331616251,0.17676802233291367,3,Derby
E30000248,E02005598,125291.0,0.5702069367266042,0.0,0.42979306327339584,1,Norwich
E30000255,E02005256,121053.0,0.7813889739439803,0.11460269468745099,0.13068868467796224,4,Preston
E30000206,E02004159,119564.0,0.6974874723633627,0.0,0.3025125276366373,1,Exeter
E30000188,E02004486,118602.0,0.6678639483313941,0.33213605166860594,0.0,5,Chelmsford
W22000032,W02000177,107478.0,0.4906967608299704,0.4886395355328532,0.07608512927411493,3,Swansea
E30000276,E02003219,106330.0,0.9214663076766499,0.06335935295777295,0.017277786548784313,4,Swindon
E30000247,E02005674,106049.0,0.7185357876056926,0.02639345962715345,0.26718998410174877,2,Northampton
E30000283,E02002454,105861.0,0.7127837447218522,0.28721625527814776,0.0,3,Wakefield and Castleford
E30000108,E02003249,104206.0,0.7917049377632788,0.04049670844289199,0.18092601087882565,2,Peterborough
E30000231,E02005444,103617.0,0.7359120607622301,0.26408793923776985,0.0,4,Lincoln
E30000275,E02001801,103302.0,0.4863119784708912,0.5136880215291089,0.0,4,Sunderland
E30000243,E02003472,102731.0,0.600102736862225,0.02202840427913677,0.3916744876025552,2,Milton Keynes
E30000222,E02006253,100838.0,0.9179942159698053,0.07138182034550467,0.012309217673800443,4,Ipswich
E30000219,E02002299,99957.0,0.616285002551097,0.38371499744890303,0.0,2,Huddersfield
E30000253,E02003126,98920.0,0.7702670082461864,0.0,0.22973299175381356,1,Plymouth
E30000272,E02004989,98513.0,0.27200471003826904,0.727995289961731,0.0,5,Stevenage and Welwyn Garden City
E30000170,E02002625,98303.0,1.0,0.0,0.0,1,Blackburn
E30000218,E02003710,97350.0,0.6959424756034925,0.30405752439650746,0.0,3,High Wycombe and Aylesbury
E30000240,E02005822,94981.0,0.24702835303902887,0.7529716469609711,0.0,7,Mansfield
K01000011,E02003803,93971.0,0.5634914760812177,0.02778516776452311,0.42728543577334643,2,Chester
K01000013,W02000360,90724.0,0.6586731678486998,0.017261143688549918,0.3336173520486718,2,Newport
E30000294,E02002784,90318.0,0.5908365852963796,0.08135698310414319,0.3765404268109408,4,York
E30000201,E02001560,89517.0,0.8656304589487057,0.0257269568908699,0.1141200012189052,2,Doncaster
E30000197,E02003829,89141.0,0.6750204731829349,0.3249795268170651,0.0,4,Crewe
E30000289,E02001913,89134.0,0.46640296933756714,0.14144995175802721,0.49477450831523284,5,Worcester and Kidderminster
E30000168,E02001482,87969.0,0.5565369618843001,0.44346303811569987,0.0,3,Birkenhead
E30000175,E02003208,86248.0,0.4762892549777796,0.17738382339300618,0.46919491557125004,3,Bournemouth
E30000224,E02005645,81339.0,0.37988634839747887,0.4427642336394595,0.4558692885783572,2,Kettering and Wellingborough
E30000004,E02001520,76868.0,0.8268980590102514,0.17310194098974863,0.0,3,Barnsley
E30000179,E02003517,76459.0,0.4118404326374076,0.0,0.5881595673625923,1,Brighton
E30000209,E02004637,76407.0,0.7280462705339787,0.0,0.27195372946602125,1,Gloucester
E30000171,E02002641,74704.0,0.8975824587706147,0.10241754122938529,0.0,3,Blackpool
E30000166,E02003472,69504.0,0.3582082641183995,0.10957642725598526,0.6252732281795889,3,Bedford
E30000280,E02002991,68273.0,0.46593518174722853,0.09936578149488084,0.5088149538682749,2,Trowbridge
E30000203,E02004315,68163.0,0.40740896830748485,0.43271276205566067,0.40889982726202667,3,Durham and Bishop Auckland
E30000278,E02002945,66786.0,0.5075232536932336,0.0,0.4924767463067664,1,Telford
E30000191,E02006568,65805.0,0.7754577919610972,0.2245422080389028,0.0,2,Chichester and Bognor Regis
E30000164,E02003377,65233.0,0.3690784168794517,0.326399215121181,0.5505400761016326,3,Basingstoke
E30000190,E02004064,63726.0,0.7222886555058751,0.1279854376549603,0.19206164582727536,2,Chesterfield
W22000029,W02000360,63619.0,0.16820720997940683,0.5531995158679011,0.7875465267500785,3,Merthyr Tydfil
E30000228,E02006530,62293.0,0.5493082994893609,0.038126274220217304,0.43846528714949773,2,Leamington Spa
E30000281,E02000001,61234.0,0.023880163197629818,0.05542672371558288,0.9760863273659404,2,Tunbridge Wells
E30000193,E02004512,60288.0,0.6281308605959575,0.0,0.37186913940404254,1,Colchester
E30000183,E02006141,59840.0,0.8592245989304813,0.1407754010695187,0.0,3,Burton upon Trent
E30000204,E02003517,59778.0,0.3219895287958115,0.0,0.6780104712041886,1,Eastbourne
E30000211,E02002755,55098.0,0.5153404253236903,0.04428472902827685,0.47205261627615525,2,Grimsby
E30000110,E02003208,53602.0,0.4010234694717311,0.0,0.5989765305282688,1,Poole
E30000182,E02005178,53242.0,1.0,0.0,0.0,1,Burnley
E30000260,E02002755,53086.0,0.44525457709184446,0.11308066156802166,0.5279473837238448,2,Scunthorpe
E30000029,E02002251,53053.0,0.940006024203122,0.0,0.05999397579687804,1,Halifax
E30000293,E02007006,52492.0,0.47656701647118765,0.07343976224948567,0.5047249546852406,3,Yeovil
E30000189,E02004608,49615.0,0.7991726401822201,0.038254560112869096,0.17458917142362917,2,Cheltenham
E30000187,E02005025,48858.0,0.4595372460496614,0.0,0.5404627539503386,1,Canterbury
E30000262,E02002945,47531.0,0.3611997689829169,0.0,0.638800231017083,1,Shrewsbury
E30000221,E02003764,46277.0,0.3845322730514078,0.6154677269485922,0.0,2,Huntingdon
W22000034,W02000425,46234.0,0.7314001866704634,0.0,0.26859981332953664,1,Wrexham
E30000241,E02005025,46073.0,0.43334273890142966,0.0,0.5666572610985703,1,Margate and Ramsgate
E30000173,E02007099,45317.0,0.13631427754966988,0.0,0.8636857224503302,1,Blyth and Ashington
E30000216,E02002916,44857.0,0.609081157413065,0.0,0.390918842586935,1,Hereford
W22000028,W02000149,44773.0,0.28182200126041596,0.10108770911040132,0.7089540366202887,2,Llanelli
E30000271,E02006197,44592.0,0.5939854682454252,0.4060145317545748,0.0,3,Stafford
E30000285,E02006951,44392.0,0.2046751809673106,0.0,0.7953248190326894,1,Weston-super-Mare
W22000003,W02000232,44131.0,0.9520971652579819,0.04790283474201806,0.0,2,Bridgend
E30000225,E02005561,43952.0,0.7313722288000654,0.18486075718966144,0.12319815961430214,2,King's Lynn
E30000292,E02006631,42982.0,0.6567228782160047,0.11751430831510867,0.28034226952776675,2,Worthing
E30000214,E02006875,42699.0,0.091598056614203,0.11515492166092878,0.9072968576328826,3,Harrogate
E30000258,E02006672,42277.0,0.7723660412518041,0.0,0.22763395874819592,1,Salisbury
E30000165,E02002991,41306.0,0.3114794129926191,0.042705660194644834,0.6841314854016056,2,Bath
E30000135,E02006281,40698.0,0.1460581499458084,0.6953658656445034,0.7808921249823272,4,Thetford and Mildenhall
E30000279,E02003156,40650.0,0.9530135301353013,0.04698646986469868,0.0,2,Torquay and Paignton
E30000184,E02006281,40258.0,0.7114732079739856,0.0,0.2885267920260144,1,Bury St Edmunds
W22000031,W02000050,40162.0,0.46193191476210343,0.2556894576963299,0.45094041584012934,2,Rhyl
K01000010,E02003992,39304.0,0.6790718568047133,0.0,0.32092814319528673,1,Carlisle
E30000061,E02003517,38876.0,0.13668948199748895,0.30548410330280895,0.8545666084933101,2,Hastings
E30000208,E02005001,38690.0,0.36779425830874724,0.29436546911346606,0.5655474220241884,2,Folkestone and Dover
E30000161,E02005924,38234.0,0.8965318826175656,0.10346811738243444,0.0,3,Banbury
E30000076,E02005234,37744.0,0.71536332966908,0.0,0.28463667033092,1,Lancaster and Morecambe
E30000291,E02005848,37562.0,0.7620774154830966,0.1886214791544646,0.07384447078129275,3,Worksop and Retford
E30000257,E02003909,37149.0,0.30297024858093563,0.0,0.6970297514190644,1,Redruth and Truro
E30000270,E02003909,36759.0,0.2997895870033275,0.0,0.7002104129966725,1,St Austell and Newquay
E30000277,E02006116,36458.0,0.46827247868746985,0.041774096220308254,0.5219687743736402,2,Taunton
E30000070,E02003588,35052.0,1.0,0.0,0.0,1,Isle of Wight
W22000022,W02000149,34976.0,0.2529287553151485,0.0,0.7470712446848515,1,Bangor and Holyhead
E30000160,E02005001,34044.0,0.5417568427753023,0.0,0.45824315722469766,1,Ashford
E30000046,E02007006,33195.0,0.3380277387425918,0.0,0.6619722612574082,1,Dorchester and Weymouth
E30000235,E02005598,32850.0,0.14342948717948717,0.03552511415525117,0.8558087462283085,2,Lowestoft
E30000199,E02007058,32770.0,0.6390156390156391,0.0,0.36098436098436093,1,Darlington
E30000244,E02003377,32717.0,0.31116917047681253,0.05351957697832932,0.6832576408493924,2,Newbury
E30000176,E02006116,32314.0,0.35564988102128753,0.14433372532029465,0.6216526867448448,2,Bridgwater
E30000174,E02005419,30380.0,0.4768407339391942,0.0,0.5231592660608058,1,Boston
E30000124,E02005469,30268.0,0.8406898374520946,0.15931016254790542,0.0,3,Spalding
E30000163,E02003986,28922.0,0.6399663664726838,0.0,0.3600336335273162,1,Barrow-in-Furness
E30000246,E02007058,28908.0,0.1831447246115939,0.570603293206033,0.7579462579462579,4,Northallerton
E30000210,E02005598,28440.0,0.12943216416585884,0.0,0.8705678358341411,1,Great Yarmouth
E30000215,E02002496,26818.0,0.16434328881274093,0.05574614065180106,0.834046568932637,2,Hartlepool
E30000162,E02004159,26730.0,0.15593188699167546,0.0,0.8440681130083245,1,Barnstaple
E30000194,E02005645,26619.0,0.3195634949218469,0.0,0.6804365050781531,1,Corby
E30000287,E02003744,26170.0,0.9275124188001529,0.0724875811998471,0.0,2,Wisbech
E30000264,E02005419,24965.0,0.39184756164555573,0.0,0.6081524383544443,1,Skegness and Louth
E30000192,E02004512,24789.0,0.25827255678266303,0.0,0.741727443217337,1,Clacton
K01000005,E02004637,24490.0,0.12996944565691837,0.3920783993466721,0.8581392689713001,3,Cinderford and Ross-on-Wye
E30000205,E02006530,24428.0,0.11098685102345127,0.4637301457344032,0.8772304693357325,3,Evesham
E30000259,E02002784,23162.0,0.17404568680492938,0.0,0.8259543131950706,1,Scarborough
W22000026,W02000050,23146.0,0.42513408272720593,0.0,0.5748659172727941,1,Colwyn Bay
E30000159,E02003377,22980.0,0.1719987575710514,0.22889469103568316,0.8187471871036374,3,Andover
E30000290,E02004006,22339.0,0.48125804759406743,0.0965128251040781,0.49265999698356044,2,Workington
E30000054,E02003249,22177.0,0.16129421804305472,0.09658655363665059,0.8358755488564126,2,Grantham
E30000223,E02003986,21345.0,0.32369148745697973,0.2377137502928086,0.6399663664726838,2,Kendal
W22000009,W02000149,19977.0,0.14446356773017846,0.0,0.8555364322698216,1,Haverfordwest and Milford Haven
E30000051,E02003909,19665.0,0.16037874339401056,0.0,0.8396212566059894,1,Falmouth
E30000286,E02004006,19599.0,0.4926599969835604,0.0,0.5073400030164397,1,Whitehaven
E30000172,E02007006,19025.0,0.07843534098122372,0.5518528252299606,0.9131789576587035,3,Blandford Forum and Gillingham
E30000274,E02002991,18674.0,0.13289075789075788,0.09633715326121883,0.8651995047329952,2,Street and Wells
K01000014,W02000425,16979.0,0.26859981332953664,0.0,0.7314001866704634,1,Oswestry
E30000106,E02003992,14746.0,0.25477288826690164,0.0,0.7452271117330984,1,Penrith
E30000238,E02002784,14347.0,0.1078073339344755,0.0,0.8921926660655245,1,Malton
E30000039,E02002190,14153.0,0.3062410009433494,0.12838267505122591,0.6792928636422721,2,Skipton
E30000252,E02003909,13490.0,0.11001826841521498,0.0,0.889981731584785,1,Penzance
E30000236,E02002916,13454.0,0.1284851782752902,0.2628957930726922,0.8653441416486755,2,Ludlow
W22000015,E02002945,13447.0,0.08893043230175533,0.119134379415483,0.9099869292966137,2,Newtown and Welshpool
E30000232,E02003126,13195.0,0.10274639278010948,0.0,0.8972536072198906,1,Liskeard
E30000167,E02004159,12796.0,0.07464663022616833,0.0,0.9253533697738316,1,Bideford
W22000021,W02000149,12676.0,0.09166642561684649,0.0,0.9083335743831535,1,Aberystwyth
E30000185,E02001062,11833.0,0.0228684397131291,0.13876447223865462,0.9770469871214476,2,Buxton
E30000198,E02005598,10881.0,0.04952009065712765,0.0,0.9504799093428724,1,Cromer and Sheringham
E30000263,E02004159,10579.0,0.05399097737394094,0.11872577748369406,0.9456134312598806,2,Sidmouth
E30000177,E02002680,10244.0,0.05918376779441671,0.0,0.9408162322055833,1,Bridlington
W22000016,W02000149,9874.0,0.07140377773278181,0.0,0.9285962222672182,1,Pembroke and Tenby
E30000064,E02003992,9595.0,0.025425145514505858,0.8256383533090151,0.971094870332936,2,Hexham
W22000030,W02000149,8255.0,0.05969598796679298,0.0,0.940304012033207,1,Pwllheli and Porthmadog
E30000227,E02003126,8224.0,0.05096099860791718,0.19430933852140075,0.9484048807456609,2,Launceston
E30000181,E02003909,7937.0,0.051989911443098766,0.1870983998992063,0.9473804397468519,2,Bude
W22000025,W02000149,7863.0,0.056861242081513406,0.0,0.9431387579184866,1,Cardigan
E30000095,E02006116,7854.0,0.10746979379045168,0.0,0.8925302062095484,1,Minehead
E30000226,E02003126,7772.0,0.06051875442872383,0.0,0.9394812455712762,1,Kingsbridge and Dartmouth
E30000282,E02003909,7503.0,0.06119103542767665,0.0,0.9388089645723233,1,Wadebridge
E30000147,E02002784,7052.0,0.04126974691257115,0.21242200794100963,0.9582657048391945,2,Whitby
W22000023,E02002916,6785.0,0.07149803503630187,0.2089904200442152,0.9271253411544258,2,Brecon
E30000178,E02007006,6588.0,0.06708621005682165,0.0,0.9329137899431783,1,Bridport
W22000011,E02002916,6455.0,0.08764783358453161,0.0,0.9123521664154683,1,Llandrindod Wells and Builth Wells
K01000009,E02007099,5926.0,0.01782550497074704,0.0,0.9821744950292529,1,Berwick
W22000033,W02000149,5821.0,0.031613083349440546,0.24136746263528608,0.968065719822973,2,Tywyn and Dolgellau
