scale,year,partition,areas,effective_areas,units,observed,null_mean,null_sd,null_min,null_max,null_closed_form,h,diagonal_share,excess,null_share,chance_corrected,modularity,runs
MSOA,2011,flows_only,197,16.18877583288971,7137,0.7399597161365988,0.1571198954126606,0.002375641766191828,0.15085610204101427,0.16621019828210717,0.1571023850740147,0.06163971496986273,0.10183468023214606,0.5828398207239383,0.21233574204957908,0.6914860340775124,0.6770806852327476,1000
MSOA,2011,contiguous,197,16.36650475844379,7137,0.7400555390591952,0.15652016240190159,0.002364804251784335,0.15038654640571247,0.16546483116886992,0.15650085156098978,0.060968828520103976,0.10183468023214606,0.5835353766572936,0.21149785947265498,0.6918189986840406,0.6777621051624493,1000
MSOA,2011,ttwa_greedy,67,11.180610134788234,7137,0.865413790890975,0.18197110092564475,0.002880936336138949,0.17450258810486413,0.19220460240994416,0.18191490306907332,0.08931295635515293,0.10183468023214606,0.6834426899653303,0.21027062757839676,0.835474994512643,0.7667572416117828,1000
MSOA,2011,ttwa_dissolution,61,10.419984113323592,7137,0.8732646492032382,0.187806057622077,0.002969855469929573,0.17963524619823137,0.19791923904196101,0.18776967903171574,0.09584275024802849,0.10183468023214606,0.6854585915811612,0.2150620179042289,0.8439592513757134,0.7677114707699388,1000
MSOA,2011,official_ttwa_2011,173,35.16274936478476,7201,0.7488616447769394,0.12836773479472427,0.0011777918719164276,0.12550397548029923,0.13247732029414022,0.1283303085954909,0.028304247866808623,0.10293969126559649,0.6204939099822151,0.17141715788229572,0.711875792982588,0.7147004683909073,1000
MSOA,2021,flows_only,235,24.397027545875883,7264,0.6951984699082036,0.13029477435627243,0.0010111435864268888,0.12719557592825984,0.1332081281751513,0.13026690819818101,0.040856559194177716,0.09321895474662827,0.5649036955519311,0.1874209740039805,0.6495346686387997,0.6623501068085635,1000
MSOA,2021,contiguous,235,24.513087720993497,7264,0.6961708858829516,0.1301214411590557,0.0010138447318777716,0.12693505409440886,0.13308138065700292,0.13009090907251716,0.04066246699674471,0.09321895474662827,0.566049444723896,0.18691020236220166,0.6507223783951169,0.6634314745728827,1000
MSOA,2021,ttwa_greedy,66,12.560097004135628,7264,0.8621227637216784,0.16531944564135706,0.0014714053949047689,0.15882418607808443,0.16929762783269434,0.16529943103707828,0.0794904973673213,0.09321895474662827,0.6968033180803214,0.19175859007328985,0.8348143663365147,0.7888062281090303,1000
MSOA,2021,ttwa_dissolution,46,4.473517701043243,7264,0.8891276084997204,0.2959619248997091,0.0031629554076170094,0.286754857837279,0.3057420603153786,0.29582179199737163,0.22343082523756583,0.09321895474662827,0.5931656836000113,0.3328677706894107,0.8425193247048667,0.6741343826912536,1000
MSOA,2021,official_ttwa_2011,173,34.72459968359012,7264,0.7487620904006786,0.11923284334457532,0.0007518286206697795,0.1168117589877381,0.12173820697869714,0.1192112068711787,0.028664309053005974,0.09321895474662827,0.6295292470561034,0.1592399573551744,0.7147510466292158,0.7221044701784086,1000
LAD,2021,flows_only_fixed_q95,9,4.223468640376239,331,0.9468946781318966,0.6568881817899174,0.007767507146410634,0.6355700378334558,0.6819283680118466,0.6562261310869525,0.23445939760139156,0.5509397309092061,0.2900064963419793,0.6937288770973712,0.8452244456482473,0.7365764743923187,1000
LAD,2021,flows_only_fixed_q85,15,5.543743358801803,331,0.9290427309031736,0.6313538151690077,0.0068027335166807226,0.6126075147050372,0.6561492342256909,0.6308274828910088,0.17789984436510117,0.5509397309092061,0.2976889157341659,0.6795745708652539,0.8075193179352795,0.7725687939574912,1000
LAD,2021,flows_only_naive_q95,9,4.223468640376239,331,0.9710503475531749,0.8129572039455769,0.004234352120590011,0.8013359042972337,0.8266075249083058,0.8125962959032416,0.23445939760139156,0.7552008299630599,0.15809314360759796,0.8371936697144936,0.8452244456482475,0.731240996692108,1000
LAD,2021,flows_only_naive_q85,15,5.543743358801803,331,0.961318598463052,0.7990374871804453,0.0037084187435188426,0.7888181934448082,0.8125543766128679,0.7987505642133376,0.17789984436510117,0.7552008299630599,0.1622811112826067,0.831189044358384,0.8075193179352796,0.7784493410081272,1000
