core_quantile,merge_threshold,cores,areas
0.85,0.03,1077,74
0.85,0.04,1077,165
0.85,0.05,1077,254
0.85,0.06,1077,347
0.85,0.07,1077,422
0.85,0.08,1077,491
0.85,0.09,1077,569
0.85,0.1,1077,620
0.85,0.12,1077,739
0.85,0.14,1077,825
0.85,0.16,1077,902
0.85,0.18,1077,957
0.85,0.2,1077,1004
0.85,0.25,1077,1047
0.85,0.3,1077,1063
0.875,0.03,906,86
0.875,0.04,906,172
0.875,0.05,906,237
0.875,0.06,906,311
0.875,0.07,906,369
0.875,0.08,906,430
0.875,0.09,906,488
0.875,0.1,906,533
0.875,0.12,906,628
0.875,0.14,906,701
0.875,0.16,906,763
0.875,0.18,906,807
0.875,0.2,906,843
0.875,0.25,906,881
0.875,0.3,906,896
0.9,0.03,727,93
0.9,0.04,727,165
0.9,0.05,727,220
0.9,0.06,727,268
0.9,0.07,727,317
0.9,0.08,727,363
0.9,0.09,727,410
0.9,0.1,727,442
0.9,0.12,727,519
0.9,0.14,727,572
0.9,0.16,727,624
0.9,0.18,727,658
0.9,0.2,727,685
0.9,0.25,727,711
0.9,0.3,727,721
0.925,0.03,546,104
0.925,0.04,546,156
0.925,0.05,546,191
0.925,0.06,546,216
0.925,0.07,546,252
0.925,0.08,546,287
0.925,0.09,546,316
0.925,0.1,546,334
0.925,0.12,546,391
0.925,0.14,546,425
0.925,0.16,546,465
0.925,0.18,546,488
0.925,0.2,546,510
0.925,0.25,546,534
0.925,0.3,546,541
0.95,0.03,364,108
0.95,0.04,364,141
0.95,0.05,364,159
0.95,0.06,364,172
0.95,0.07,364,187
0.95,0.08,364,206
0.95,0.09,364,226
0.95,0.1,364,235
0.95,0.12,364,266
0.95,0.14,364,289
0.95,0.16,364,318
0.95,0.18,364,334
0.95,0.2,364,345
0.95,0.25,364,359
0.95,0.3,364,363
0.96,0.03,291,101
0.96,0.04,291,124
0.96,0.05,291,136
0.96,0.06,291,149
0.96,0.07,291,159
0.96,0.08,291,171
0.96,0.09,291,183
0.96,0.1,291,190
0.96,0.12,291,210
0.96,0.14,291,229
0.96,0.16,291,253
0.96,0.18,291,267
0.96,0.2,291,276
0.96,0.25,291,288
0.96,0.3,291,291
0.97,0.03,218,88
0.97,0.04,218,104
0.97,0.05,218,112
0.97,0.06,218,123
0.97,0.07,218,129
0.97,0.08,218,136
0.97,0.09,218,144
0.97,0.1,218,148
0.97,0.12,218,164
0.97,0.14,218,177
0.97,0.16,218,193
0.97,0.18,218,202
0.97,0.2,218,208
0.97,0.25,218,216
0.97,0.3,218,218
0.98,0.03,146,63
0.98,0.04,146,71
0.98,0.05,146,75
0.98,0.06,146,82
0.98,0.07,146,86
0.98,0.08,146,89
0.98,0.09,146,95
0.98,0.1,146,98
0.98,0.12,146,110
0.98,0.14,146,119
0.98,0.16,146,131
0.98,0.18,146,138
0.98,0.2,146,141
0.98,0.25,146,145
0.98,0.3,146,146
