setting,core_quantile,merge_threshold,attach_threshold,areas,assigned,sc,null,excess,ari_official,mean_iou_official
0.875/0.05/0.1,0.875,0.05,0.1,237,7264,0.699269438442204,0.11809880302242731,0.5811706354197768,0.677636576995256,0.619588363277381
0.875/0.05/0.15,0.875,0.05,0.15,237,7264,0.7038519048057197,0.11990839715764624,0.5839435076480735,0.6823880112939087,0.6198288114606564
0.875/0.05/0.2,0.875,0.05,0.2,237,7236,0.7083825443265067,0.12278959161301103,0.5855929527134957,0.6757786342363846,0.6195164536342952
0.95/0.09/0.1,0.95,0.09,0.1,226,7264,0.6769995282764962,0.12426121303353671,0.5527383152429595,0.6517257837157457,0.6026759877086859
0.95/0.09/0.15,0.95,0.09,0.15,226,7264,0.7004566357761575,0.13118320364616828,0.5692734321299892,0.6350747524900776,0.5952614989726602
0.95/0.09/0.2,0.95,0.09,0.2,226,7113,0.7300404736046604,0.1478998629171054,0.582140610687555,0.5395678075788007,0.5621706459726179
0.95/0.1/0.1,0.95,0.1,0.1,235,7264,0.6695724021332827,0.12290722288494832,0.5466651792483344,0.657887453917811,0.6020046801683128
0.95/0.1/0.15,0.95,0.1,0.15,235,7264,0.6951984699082036,0.13026690819818101,0.5649315617100226,0.6407703068739544,0.5929785953405409
0.95/0.1/0.2,0.95,0.1,0.2,235,7057,0.7271227006098223,0.14770995482748908,0.5794127457823333,0.5487656956980809,0.5659805615197786
0.96/0.14/0.1,0.96,0.14,0.1,229,7264,0.6414871540860032,0.11183931849356896,0.5296478355924342,0.5726893740954443,0.5380712428793294
0.96/0.14/0.15,0.96,0.14,0.15,229,7264,0.6764508414523781,0.11662291972938503,0.5598279217229931,0.6042884809618164,0.5520940715384733
0.96/0.14/0.2,0.96,0.14,0.2,229,6160,0.7369451685377428,0.15589413826268297,0.5810510302750599,0.5597055277734764,0.500664054032205
