a,b,same_cores,ari_weighted
0.875/0.05/0.1,0.875/0.05/0.15,True,0.9511399188201836
0.875/0.05/0.1,0.875/0.05/0.2,True,0.8994875602141255
0.875/0.05/0.1,0.95/0.09/0.1,False,0.7339001871944193
0.875/0.05/0.1,0.95/0.09/0.15,False,0.6660577638501677
0.875/0.05/0.1,0.95/0.09/0.2,False,0.5323970707426976
0.875/0.05/0.1,0.95/0.1/0.1,False,0.7380734226457977
0.875/0.05/0.1,0.95/0.1/0.15,False,0.6722518184381391
0.875/0.05/0.1,0.95/0.1/0.2,False,0.5351557152930545
0.875/0.05/0.1,0.96/0.14/0.1,False,0.5601838108948674
0.875/0.05/0.1,0.96/0.14/0.15,False,0.5707369525597976
0.875/0.05/0.1,0.96/0.14/0.2,False,0.5513925748370965
0.875/0.05/0.15,0.875/0.05/0.2,True,0.933781954261643
0.875/0.05/0.15,0.95/0.09/0.1,False,0.7519707096333966
0.875/0.05/0.15,0.95/0.09/0.15,False,0.6970215849676142
0.875/0.05/0.15,0.95/0.09/0.2,False,0.5621865808645623
0.875/0.05/0.15,0.95/0.1/0.1,False,0.757636211155437
0.875/0.05/0.15,0.95/0.1/0.15,False,0.7030390177498814
0.875/0.05/0.15,0.95/0.1/0.2,False,0.5649223879248759
0.875/0.05/0.15,0.96/0.14/0.1,False,0.5599619404449643
0.875/0.05/0.15,0.96/0.14/0.15,False,0.5745663067344017
0.875/0.05/0.15,0.96/0.14/0.2,False,0.5803149090803408
0.875/0.05/0.2,0.95/0.09/0.1,False,0.7686157093339059
0.875/0.05/0.2,0.95/0.09/0.15,False,0.7431694487122265
0.875/0.05/0.2,0.95/0.09/0.2,False,0.6123672213300807
0.875/0.05/0.2,0.95/0.1/0.1,False,0.7678899553653753
0.875/0.05/0.2,0.95/0.1/0.15,False,0.7390623712743224
0.875/0.05/0.2,0.95/0.1/0.2,False,0.6152440554959201
0.875/0.05/0.2,0.96/0.14/0.1,False,0.5457606537563418
0.875/0.05/0.2,0.96/0.14/0.15,False,0.5688949380301151
0.875/0.05/0.2,0.96/0.14/0.2,False,0.6160249085683305
0.95/0.09/0.1,0.95/0.09/0.15,True,0.8560613622887935
0.95/0.09/0.1,0.95/0.09/0.2,True,0.6727577013952224
0.95/0.09/0.1,0.95/0.1/0.1,False,0.9739295475833518
0.95/0.09/0.1,0.95/0.1/0.15,False,0.8493583643430082
0.95/0.09/0.1,0.95/0.1/0.2,False,0.6779522691282313
0.95/0.09/0.1,0.96/0.14/0.1,False,0.6298992970732508
0.95/0.09/0.1,0.96/0.14/0.15,False,0.6361794914299951
0.95/0.09/0.1,0.96/0.14/0.2,False,0.6569492938355209
0.95/0.09/0.15,0.95/0.09/0.2,True,0.7809760662673992
0.95/0.09/0.15,0.95/0.1/0.1,False,0.8435976778705897
0.95/0.09/0.15,0.95/0.1/0.15,False,0.9788872961246691
0.95/0.09/0.15,0.95/0.1/0.2,False,0.7883496920194611
0.95/0.09/0.15,0.96/0.14/0.1,False,0.6004585102816716
0.95/0.09/0.15,0.96/0.14/0.15,False,0.6510319925351115
0.95/0.09/0.15,0.96/0.14/0.2,False,0.7562582689486766
0.95/0.09/0.2,0.95/0.1/0.1,False,0.652714845741658
0.95/0.09/0.2,0.95/0.1/0.15,False,0.7646086814074277
0.95/0.09/0.2,0.95/0.1/0.2,False,0.9817150699658489
0.95/0.09/0.2,0.96/0.14/0.1,False,0.4602691741582798
0.95/0.09/0.2,0.96/0.14/0.15,False,0.5208638774203563
0.95/0.09/0.2,0.96/0.14/0.2,False,0.7895696738533285
0.95/0.1/0.1,0.95/0.1/0.15,True,0.8447312128660831
0.95/0.1/0.1,0.95/0.1/0.2,True,0.6641655702279228
0.95/0.1/0.1,0.96/0.14/0.1,False,0.6381553263248683
0.95/0.1/0.1,0.96/0.14/0.15,False,0.6418966587015225
0.95/0.1/0.1,0.96/0.14/0.2,False,0.6512718872057828
0.95/0.1/0.15,0.95/0.1/0.2,True,0.779065559957449
0.95/0.1/0.15,0.96/0.14/0.1,False,0.609728464150265
0.95/0.1/0.15,0.96/0.14/0.15,False,0.6591236932721296
0.95/0.1/0.15,0.96/0.14/0.2,False,0.7614526751789494
0.95/0.1/0.2,0.96/0.14/0.1,False,0.46898069048416097
0.95/0.1/0.2,0.96/0.14/0.15,False,0.5277753615380488
0.95/0.1/0.2,0.96/0.14/0.2,False,0.7990810006968436
0.96/0.14/0.1,0.96/0.14/0.15,True,0.8078755385710811
0.96/0.14/0.1,0.96/0.14/0.2,True,0.536059281614319
0.96/0.14/0.15,0.96/0.14/0.2,True,0.611901006061467
